polled_at_utc,polled_at_pacific,route,date,source,cabin,old_seats,new_seats,airlines,source_updated_at
2026-08-15T00:36:42+00:00,2026-08-14T17:36:42-07:00,LAX-HEL,2027-07-05,alaska,Y,none,0,,2026-08-14T16:01:04.500324Z
2026-08-15T00:36:42+00:00,2026-08-14T17:36:42-07:00,LAX-HEL,2027-07-05,alaska,W,none,0,,2026-08-14T16:01:04.500324Z
2026-08-15T00:36:42+00:00,2026-08-14T17:36:42-07:00,LAX-HEL,2027-07-05,alaska,J,none,0,,2026-08-14T16:01:04.500324Z
2026-08-15T00:36:42+00:00,2026-08-14T17:36:42-07:00,LAX-HEL,2027-07-05,alaska,F,none,0,,2026-08-14T16:01:04.500324Z
2026-08-15T00:36:42+00:00,2026-08-14T17:36:42-07:00,LAX-HEL,2027-07-05,qantas,Y,none,0,,2026-08-14T17:02:42.446855Z
2026-08-15T00:36:42+00:00,2026-08-14T17:36:42-07:00,LAX-HEL,2027-07-05,qantas,W,none,1,AY,2026-08-14T17:02:42.446855Z
2026-08-15T00:36:42+00:00,2026-08-14T17:36:42-07:00,LAX-HEL,2027-07-05,qantas,J,none,0,,2026-08-14T17:02:42.446855Z
2026-08-15T00:36:42+00:00,2026-08-14T17:36:42-07:00,LAX-HEL,2027-07-05,qantas,F,none,0,,2026-08-14T17:02:42.446855Z
2026-08-15T00:36:42+00:00,2026-08-14T17:36:42-07:00,LAX-HEL,2027-07-05,american,Y,none,0,,2026-08-12T21:34:12.869988Z
2026-08-15T00:36:42+00:00,2026-08-14T17:36:42-07:00,LAX-HEL,2027-07-05,american,W,none,0,,2026-08-12T21:34:12.869988Z
2026-08-15T00:36:42+00:00,2026-08-14T17:36:42-07:00,LAX-HEL,2027-07-05,american,J,none,0,,2026-08-12T21:34:12.869988Z
2026-08-15T00:36:42+00:00,2026-08-14T17:36:42-07:00,LAX-HEL,2027-07-05,american,F,none,0,,2026-08-12T21:34:12.869988Z
2026-08-15T00:36:42+00:00,2026-08-14T17:36:42-07:00,LAX-HEL,2027-07-05,qatar,Y,none,0,,2026-08-13T01:01:32.740944Z
2026-08-15T00:36:42+00:00,2026-08-14T17:36:42-07:00,LAX-HEL,2027-07-05,qatar,W,none,0,,2026-08-13T01:01:32.740944Z
2026-08-15T00:36:42+00:00,2026-08-14T17:36:42-07:00,LAX-HEL,2027-07-05,qatar,J,none,0,,2026-08-13T01:01:32.740944Z
2026-08-15T00:36:42+00:00,2026-08-14T17:36:42-07:00,LAX-HEL,2027-07-05,qatar,F,none,0,,2026-08-13T01:01:32.740944Z
2026-08-15T00:36:42+00:00,2026-08-14T17:36:42-07:00,LAX-HEL,2027-07-06,qantas,Y,none,0,,2026-08-14T17:06:38.172685Z
2026-08-15T00:36:42+00:00,2026-08-14T17:36:42-07:00,LAX-HEL,2027-07-06,qantas,W,none,0,,2026-08-14T17:06:38.172685Z
2026-08-15T00:36:42+00:00,2026-08-14T17:36:42-07:00,LAX-HEL,2027-07-06,qantas,J,none,0,,2026-08-14T17:06:38.172685Z
2026-08-15T00:36:42+00:00,2026-08-14T17:36:42-07:00,LAX-HEL,2027-07-06,qantas,F,none,0,,2026-08-14T17:06:38.172685Z
2026-08-15T00:36:42+00:00,2026-08-14T17:36:42-07:00,LAX-HEL,2027-07-06,american,Y,none,0,,2026-08-13T13:44:46.127825Z
2026-08-15T00:36:42+00:00,2026-08-14T17:36:42-07:00,LAX-HEL,2027-07-06,american,W,none,0,,2026-08-13T13:44:46.127825Z
2026-08-15T00:36:42+00:00,2026-08-14T17:36:42-07:00,LAX-HEL,2027-07-06,american,J,none,0,,2026-08-13T13:44:46.127825Z
2026-08-15T00:36:42+00:00,2026-08-14T17:36:42-07:00,LAX-HEL,2027-07-06,american,F,none,0,,2026-08-13T13:44:46.127825Z
2026-08-15T00:36:42+00:00,2026-08-14T17:36:42-07:00,LAX-HEL,2027-07-06,alaska,Y,none,0,,2026-08-14T16:00:56.796253Z
2026-08-15T00:36:42+00:00,2026-08-14T17:36:42-07:00,LAX-HEL,2027-07-06,alaska,W,none,0,,2026-08-14T16:00:56.796253Z
2026-08-15T00:36:42+00:00,2026-08-14T17:36:42-07:00,LAX-HEL,2027-07-06,alaska,J,none,0,,2026-08-14T16:00:56.796253Z
2026-08-15T00:36:42+00:00,2026-08-14T17:36:42-07:00,LAX-HEL,2027-07-06,alaska,F,none,0,,2026-08-14T16:00:56.796253Z
2026-08-15T00:36:42+00:00,2026-08-14T17:36:42-07:00,LAX-HEL,2027-07-06,qatar,Y,none,0,,2026-08-13T13:44:44.368299Z
2026-08-15T00:36:42+00:00,2026-08-14T17:36:42-07:00,LAX-HEL,2027-07-06,qatar,W,none,0,,2026-08-13T13:44:44.368299Z
2026-08-15T00:36:42+00:00,2026-08-14T17:36:42-07:00,LAX-HEL,2027-07-06,qatar,J,none,0,,2026-08-13T13:44:44.368299Z
2026-08-15T00:36:42+00:00,2026-08-14T17:36:42-07:00,LAX-HEL,2027-07-06,qatar,F,none,0,,2026-08-13T13:44:44.368299Z
2026-08-15T00:36:42+00:00,2026-08-14T17:36:42-07:00,LAX-HEL,2027-07-07,alaska,Y,none,4,AY,2026-08-14T16:04:44.695179Z
2026-08-15T00:36:42+00:00,2026-08-14T17:36:42-07:00,LAX-HEL,2027-07-07,alaska,W,none,7,AY,2026-08-14T16:04:44.695179Z
2026-08-15T00:36:42+00:00,2026-08-14T17:36:42-07:00,LAX-HEL,2027-07-07,alaska,J,none,9,AY,2026-08-14T16:04:44.695179Z
2026-08-15T00:36:42+00:00,2026-08-14T17:36:42-07:00,LAX-HEL,2027-07-07,alaska,F,none,0,,2026-08-14T16:04:44.695179Z
2026-08-15T00:36:42+00:00,2026-08-14T17:36:42-07:00,LAX-HEL,2027-07-07,qatar,Y,none,4,AY,2026-08-13T13:46:45.774994Z
2026-08-15T00:36:42+00:00,2026-08-14T17:36:42-07:00,LAX-HEL,2027-07-07,qatar,W,none,0,,2026-08-13T13:46:45.774994Z
2026-08-15T00:36:42+00:00,2026-08-14T17:36:42-07:00,LAX-HEL,2027-07-07,qatar,J,none,0,,2026-08-13T13:46:45.774994Z
2026-08-15T00:36:42+00:00,2026-08-14T17:36:42-07:00,LAX-HEL,2027-07-07,qatar,F,none,0,,2026-08-13T13:46:45.774994Z
2026-08-15T00:36:42+00:00,2026-08-14T17:36:42-07:00,LAX-HEL,2027-07-07,qantas,Y,none,4,AY,2026-08-14T17:03:50.50252Z
2026-08-15T00:36:42+00:00,2026-08-14T17:36:42-07:00,LAX-HEL,2027-07-07,qantas,W,none,2,AY,2026-08-14T17:03:50.50252Z
2026-08-15T00:36:42+00:00,2026-08-14T17:36:42-07:00,LAX-HEL,2027-07-07,qantas,J,none,0,,2026-08-14T17:03:50.50252Z
2026-08-15T00:36:42+00:00,2026-08-14T17:36:42-07:00,LAX-HEL,2027-07-07,qantas,F,none,0,,2026-08-14T17:03:50.50252Z
2026-08-15T00:36:42+00:00,2026-08-14T17:36:42-07:00,LAX-HEL,2027-07-07,american,Y,none,0,AY,2026-08-12T23:33:53.073591Z
2026-08-15T00:36:42+00:00,2026-08-14T17:36:42-07:00,LAX-HEL,2027-07-07,american,W,none,0,,2026-08-12T23:33:53.073591Z
2026-08-15T00:36:42+00:00,2026-08-14T17:36:42-07:00,LAX-HEL,2027-07-07,american,J,none,0,,2026-08-12T23:33:53.073591Z
2026-08-15T00:36:42+00:00,2026-08-14T17:36:42-07:00,LAX-HEL,2027-07-07,american,F,none,0,,2026-08-12T23:33:53.073591Z
2026-08-15T00:36:42+00:00,2026-08-14T17:36:42-07:00,LAX-HEL,2027-07-08,alaska,Y,none,3,AY,2026-08-14T16:03:39.554294Z
2026-08-15T00:36:42+00:00,2026-08-14T17:36:42-07:00,LAX-HEL,2027-07-08,alaska,W,none,0,,2026-08-14T16:03:39.554294Z
2026-08-15T00:36:42+00:00,2026-08-14T17:36:42-07:00,LAX-HEL,2027-07-08,alaska,J,none,0,,2026-08-14T16:03:39.554294Z
2026-08-15T00:36:42+00:00,2026-08-14T17:36:42-07:00,LAX-HEL,2027-07-08,alaska,F,none,0,,2026-08-14T16:03:39.554294Z
2026-08-15T00:36:42+00:00,2026-08-14T17:36:42-07:00,LAX-HEL,2027-07-08,qantas,Y,none,3,AY,2026-08-14T17:05:54.600089Z
2026-08-15T00:36:42+00:00,2026-08-14T17:36:42-07:00,LAX-HEL,2027-07-08,qantas,W,none,2,AY,2026-08-14T17:05:54.600089Z
2026-08-15T00:36:42+00:00,2026-08-14T17:36:42-07:00,LAX-HEL,2027-07-08,qantas,J,none,0,,2026-08-14T17:05:54.600089Z
2026-08-15T00:36:42+00:00,2026-08-14T17:36:42-07:00,LAX-HEL,2027-07-08,qantas,F,none,0,,2026-08-14T17:05:54.600089Z
2026-08-15T00:36:42+00:00,2026-08-14T17:36:42-07:00,LAX-HEL,2027-07-08,american,Y,none,0,AY,2026-08-13T16:39:16.604182Z
2026-08-15T00:36:42+00:00,2026-08-14T17:36:42-07:00,LAX-HEL,2027-07-08,american,W,none,0,,2026-08-13T16:39:16.604182Z
2026-08-15T00:36:42+00:00,2026-08-14T17:36:42-07:00,LAX-HEL,2027-07-08,american,J,none,0,,2026-08-13T16:39:16.604182Z
2026-08-15T00:36:42+00:00,2026-08-14T17:36:42-07:00,LAX-HEL,2027-07-08,american,F,none,0,,2026-08-13T16:39:16.604182Z
2026-08-15T00:36:42+00:00,2026-08-14T17:36:42-07:00,LAX-HEL,2027-07-08,qatar,Y,none,3,AY,2026-08-13T16:39:17.927883Z
2026-08-15T00:36:42+00:00,2026-08-14T17:36:42-07:00,LAX-HEL,2027-07-08,qatar,W,none,0,,2026-08-13T16:39:17.927883Z
2026-08-15T00:36:42+00:00,2026-08-14T17:36:42-07:00,LAX-HEL,2027-07-08,qatar,J,none,0,,2026-08-13T16:39:17.927883Z
2026-08-15T00:36:42+00:00,2026-08-14T17:36:42-07:00,LAX-HEL,2027-07-08,qatar,F,none,0,,2026-08-13T16:39:17.927883Z
2026-08-15T00:36:42+00:00,2026-08-14T17:36:42-07:00,LAX-HEL,2027-07-09,qantas,Y,none,0,,2026-08-14T17:04:17.812653Z
2026-08-15T00:36:42+00:00,2026-08-14T17:36:42-07:00,LAX-HEL,2027-07-09,qantas,W,none,0,,2026-08-14T17:04:17.812653Z
2026-08-15T00:36:42+00:00,2026-08-14T17:36:42-07:00,LAX-HEL,2027-07-09,qantas,J,none,0,,2026-08-14T17:04:17.812653Z
2026-08-15T00:36:42+00:00,2026-08-14T17:36:42-07:00,LAX-HEL,2027-07-09,qantas,F,none,0,,2026-08-14T17:04:17.812653Z
2026-08-15T00:36:42+00:00,2026-08-14T17:36:42-07:00,LAX-HEL,2027-07-09,qatar,Y,none,0,,2026-08-12T23:33:14.139803Z
2026-08-15T00:36:42+00:00,2026-08-14T17:36:42-07:00,LAX-HEL,2027-07-09,qatar,W,none,0,,2026-08-12T23:33:14.139803Z
2026-08-15T00:36:42+00:00,2026-08-14T17:36:42-07:00,LAX-HEL,2027-07-09,qatar,J,none,0,,2026-08-12T23:33:14.139803Z
2026-08-15T00:36:42+00:00,2026-08-14T17:36:42-07:00,LAX-HEL,2027-07-09,qatar,F,none,0,,2026-08-12T23:33:14.139803Z
2026-08-15T00:36:42+00:00,2026-08-14T17:36:42-07:00,LAX-HEL,2027-07-09,american,Y,none,0,,2026-08-14T10:51:54.991385Z
2026-08-15T00:36:42+00:00,2026-08-14T17:36:42-07:00,LAX-HEL,2027-07-09,american,W,none,0,,2026-08-14T10:51:54.991385Z
2026-08-15T00:36:42+00:00,2026-08-14T17:36:42-07:00,LAX-HEL,2027-07-09,american,J,none,0,,2026-08-14T10:51:54.991385Z
2026-08-15T00:36:42+00:00,2026-08-14T17:36:42-07:00,LAX-HEL,2027-07-09,american,F,none,0,,2026-08-14T10:51:54.991385Z
2026-08-15T00:36:42+00:00,2026-08-14T17:36:42-07:00,LAX-HEL,2027-07-09,alaska,Y,none,0,,2026-08-14T16:00:39.400932Z
2026-08-15T00:36:42+00:00,2026-08-14T17:36:42-07:00,LAX-HEL,2027-07-09,alaska,W,none,0,,2026-08-14T16:00:39.400932Z
2026-08-15T00:36:42+00:00,2026-08-14T17:36:42-07:00,LAX-HEL,2027-07-09,alaska,J,none,0,,2026-08-14T16:00:39.400932Z
2026-08-15T00:36:42+00:00,2026-08-14T17:36:42-07:00,LAX-HEL,2027-07-09,alaska,F,none,0,,2026-08-14T16:00:39.400932Z
2026-08-15T00:36:42+00:00,2026-08-14T17:36:42-07:00,LAX-HEL,2027-07-10,finnair,Y,none,4,AY,2026-07-23T06:03:51.079768Z
2026-08-15T00:36:42+00:00,2026-08-14T17:36:42-07:00,LAX-HEL,2027-07-10,finnair,W,none,2,AY,2026-07-23T06:03:51.079768Z
2026-08-15T00:36:42+00:00,2026-08-14T17:36:42-07:00,LAX-HEL,2027-07-10,finnair,J,none,0,,2026-07-23T06:03:51.079768Z
2026-08-15T00:36:42+00:00,2026-08-14T17:36:42-07:00,LAX-HEL,2027-07-10,finnair,F,none,0,,2026-07-23T06:03:51.079768Z
2026-08-15T00:36:42+00:00,2026-08-14T17:36:42-07:00,LAX-HEL,2027-07-10,qantas,Y,none,4,AY,2026-08-14T17:05:27.889804Z
2026-08-15T00:36:42+00:00,2026-08-14T17:36:42-07:00,LAX-HEL,2027-07-10,qantas,W,none,0,,2026-08-14T17:05:27.889804Z
2026-08-15T00:36:42+00:00,2026-08-14T17:36:42-07:00,LAX-HEL,2027-07-10,qantas,J,none,0,,2026-08-14T17:05:27.889804Z
2026-08-15T00:36:42+00:00,2026-08-14T17:36:42-07:00,LAX-HEL,2027-07-10,qantas,F,none,0,,2026-08-14T17:05:27.889804Z
2026-08-15T00:36:42+00:00,2026-08-14T17:36:42-07:00,LAX-HEL,2027-07-10,alaska,Y,none,4,AY,2026-08-14T16:03:03.292787Z
2026-08-15T00:36:42+00:00,2026-08-14T17:36:42-07:00,LAX-HEL,2027-07-10,alaska,W,none,9,AY,2026-08-14T16:03:03.292787Z
2026-08-15T00:36:42+00:00,2026-08-14T17:36:42-07:00,LAX-HEL,2027-07-10,alaska,J,none,1,AY,2026-08-14T16:03:03.292787Z
2026-08-15T00:36:42+00:00,2026-08-14T17:36:42-07:00,LAX-HEL,2027-07-10,alaska,F,none,0,,2026-08-14T16:03:03.292787Z
2026-08-15T00:36:42+00:00,2026-08-14T17:36:42-07:00,LAX-HEL,2027-07-10,qatar,Y,none,4,AY,2026-08-13T16:39:15.512763Z
2026-08-15T00:36:42+00:00,2026-08-14T17:36:42-07:00,LAX-HEL,2027-07-10,qatar,W,none,0,,2026-08-13T16:39:15.512763Z
2026-08-15T00:36:42+00:00,2026-08-14T17:36:42-07:00,LAX-HEL,2027-07-10,qatar,J,none,0,,2026-08-13T16:39:15.512763Z
2026-08-15T00:36:42+00:00,2026-08-14T17:36:42-07:00,LAX-HEL,2027-07-10,qatar,F,none,0,,2026-08-13T16:39:15.512763Z
2026-08-15T00:36:42+00:00,2026-08-14T17:36:42-07:00,LAX-HEL,2027-07-11,finnair,Y,none,0,,2026-07-23T05:48:44.470199Z
2026-08-15T00:36:42+00:00,2026-08-14T17:36:42-07:00,LAX-HEL,2027-07-11,finnair,W,none,0,,2026-07-23T05:48:44.470199Z
2026-08-15T00:36:42+00:00,2026-08-14T17:36:42-07:00,LAX-HEL,2027-07-11,finnair,J,none,0,,2026-07-23T05:48:44.470199Z
2026-08-15T00:36:42+00:00,2026-08-14T17:36:42-07:00,LAX-HEL,2027-07-11,finnair,F,none,0,,2026-07-23T05:48:44.470199Z
2026-08-15T00:36:42+00:00,2026-08-14T17:36:42-07:00,LAX-HEL,2027-07-11,qantas,Y,none,0,,2026-08-14T17:03:20.389322Z
2026-08-15T00:36:42+00:00,2026-08-14T17:36:42-07:00,LAX-HEL,2027-07-11,qantas,W,none,0,,2026-08-14T17:03:20.389322Z
2026-08-15T00:36:42+00:00,2026-08-14T17:36:42-07:00,LAX-HEL,2027-07-11,qantas,J,none,0,,2026-08-14T17:03:20.389322Z
2026-08-15T00:36:42+00:00,2026-08-14T17:36:42-07:00,LAX-HEL,2027-07-11,qantas,F,none,0,,2026-08-14T17:03:20.389322Z
2026-08-15T00:36:42+00:00,2026-08-14T17:36:42-07:00,LAX-HEL,2027-07-11,qatar,Y,none,0,,2026-08-13T02:14:52.456188Z
2026-08-15T00:36:42+00:00,2026-08-14T17:36:42-07:00,LAX-HEL,2027-07-11,qatar,W,none,0,,2026-08-13T02:14:52.456188Z
2026-08-15T00:36:42+00:00,2026-08-14T17:36:42-07:00,LAX-HEL,2027-07-11,qatar,J,none,0,,2026-08-13T02:14:52.456188Z
2026-08-15T00:36:42+00:00,2026-08-14T17:36:42-07:00,LAX-HEL,2027-07-11,qatar,F,none,0,,2026-08-13T02:14:52.456188Z
2026-08-15T00:36:42+00:00,2026-08-14T17:36:42-07:00,LAX-HEL,2027-07-11,alaska,Y,none,0,,2026-08-14T16:03:29.439588Z
2026-08-15T00:36:42+00:00,2026-08-14T17:36:42-07:00,LAX-HEL,2027-07-11,alaska,W,none,0,,2026-08-14T16:03:29.439588Z
2026-08-15T00:36:42+00:00,2026-08-14T17:36:42-07:00,LAX-HEL,2027-07-11,alaska,J,none,0,,2026-08-14T16:03:29.439588Z
2026-08-15T00:36:42+00:00,2026-08-14T17:36:42-07:00,LAX-HEL,2027-07-11,alaska,F,none,0,,2026-08-14T16:03:29.439588Z
2026-08-15T00:36:42+00:00,2026-08-14T17:36:42-07:00,LAX-HEL,2027-07-12,qantas,Y,none,4,AY,2026-08-07T21:15:09.156408Z
2026-08-15T00:36:42+00:00,2026-08-14T17:36:42-07:00,LAX-HEL,2027-07-12,qantas,W,none,2,AY,2026-08-07T21:15:09.156408Z
2026-08-15T00:36:42+00:00,2026-08-14T17:36:42-07:00,LAX-HEL,2027-07-12,qantas,J,none,0,,2026-08-07T21:15:09.156408Z
2026-08-15T00:36:42+00:00,2026-08-14T17:36:42-07:00,LAX-HEL,2027-07-12,qantas,F,none,0,,2026-08-07T21:15:09.156408Z
2026-08-15T00:36:42+00:00,2026-08-14T17:36:42-07:00,LAX-HEL,2027-07-12,finnair,Y,none,4,AY,2026-07-23T05:48:38.489768Z
2026-08-15T00:36:42+00:00,2026-08-14T17:36:42-07:00,LAX-HEL,2027-07-12,finnair,W,none,2,AY,2026-07-23T05:48:38.489768Z
2026-08-15T00:36:42+00:00,2026-08-14T17:36:42-07:00,LAX-HEL,2027-07-12,finnair,J,none,0,,2026-07-23T05:48:38.489768Z
2026-08-15T00:36:42+00:00,2026-08-14T17:36:42-07:00,LAX-HEL,2027-07-12,finnair,F,none,0,,2026-07-23T05:48:38.489768Z
2026-08-15T00:36:42+00:00,2026-08-14T17:36:42-07:00,LAX-HEL,2027-07-12,qatar,Y,none,1,AY,2026-08-13T02:14:58.103665Z
2026-08-15T00:36:42+00:00,2026-08-14T17:36:42-07:00,LAX-HEL,2027-07-12,qatar,W,none,0,,2026-08-13T02:14:58.103665Z
2026-08-15T00:36:42+00:00,2026-08-14T17:36:42-07:00,LAX-HEL,2027-07-12,qatar,J,none,0,,2026-08-13T02:14:58.103665Z
2026-08-15T00:36:42+00:00,2026-08-14T17:36:42-07:00,LAX-HEL,2027-07-12,qatar,F,none,0,,2026-08-13T02:14:58.103665Z
2026-08-15T00:36:42+00:00,2026-08-14T17:36:42-07:00,LAX-HEL,2027-07-13,qantas,Y,none,0,,2026-08-11T19:50:39.408182Z
2026-08-15T00:36:42+00:00,2026-08-14T17:36:42-07:00,LAX-HEL,2027-07-13,qantas,W,none,0,,2026-08-11T19:50:39.408182Z
2026-08-15T00:36:42+00:00,2026-08-14T17:36:42-07:00,LAX-HEL,2027-07-13,qantas,J,none,0,,2026-08-11T19:50:39.408182Z
2026-08-15T00:36:42+00:00,2026-08-14T17:36:42-07:00,LAX-HEL,2027-07-13,qantas,F,none,0,,2026-08-11T19:50:39.408182Z
2026-08-15T00:36:42+00:00,2026-08-14T17:36:42-07:00,LAX-HEL,2027-07-13,qatar,Y,none,0,,2026-08-10T08:32:29.466709Z
2026-08-15T00:36:42+00:00,2026-08-14T17:36:42-07:00,LAX-HEL,2027-07-13,qatar,W,none,0,,2026-08-10T08:32:29.466709Z
2026-08-15T00:36:42+00:00,2026-08-14T17:36:42-07:00,LAX-HEL,2027-07-13,qatar,J,none,0,,2026-08-10T08:32:29.466709Z
2026-08-15T00:36:42+00:00,2026-08-14T17:36:42-07:00,LAX-HEL,2027-07-13,qatar,F,none,0,,2026-08-10T08:32:29.466709Z
2026-08-15T00:36:42+00:00,2026-08-14T17:36:42-07:00,LAX-HEL,2027-07-14,qantas,Y,none,0,,2026-08-07T21:13:32.015089Z
2026-08-15T00:36:42+00:00,2026-08-14T17:36:42-07:00,LAX-HEL,2027-07-14,qantas,W,none,2,AY,2026-08-07T21:13:32.015089Z
2026-08-15T00:36:42+00:00,2026-08-14T17:36:42-07:00,LAX-HEL,2027-07-14,qantas,J,none,0,,2026-08-07T21:13:32.015089Z
2026-08-15T00:36:42+00:00,2026-08-14T17:36:42-07:00,LAX-HEL,2027-07-14,qantas,F,none,0,,2026-08-07T21:13:32.015089Z
2026-08-15T00:36:42+00:00,2026-08-14T17:36:42-07:00,LAX-HEL,2027-07-14,qatar,Y,none,0,,2026-08-13T04:45:20.23716Z
2026-08-15T00:36:42+00:00,2026-08-14T17:36:42-07:00,LAX-HEL,2027-07-14,qatar,W,none,0,,2026-08-13T04:45:20.23716Z
2026-08-15T00:36:42+00:00,2026-08-14T17:36:42-07:00,LAX-HEL,2027-07-14,qatar,J,none,0,,2026-08-13T04:45:20.23716Z
2026-08-15T00:36:42+00:00,2026-08-14T17:36:42-07:00,LAX-HEL,2027-07-14,qatar,F,none,0,,2026-08-13T04:45:20.23716Z
2026-08-15T00:36:42+00:00,2026-08-14T17:36:42-07:00,LAX-HEL,2027-07-15,qantas,Y,none,4,AY,2026-08-10T08:45:36.85094Z
2026-08-15T00:36:42+00:00,2026-08-14T17:36:42-07:00,LAX-HEL,2027-07-15,qantas,W,none,2,AY,2026-08-10T08:45:36.85094Z
2026-08-15T00:36:42+00:00,2026-08-14T17:36:42-07:00,LAX-HEL,2027-07-15,qantas,J,none,0,,2026-08-10T08:45:36.85094Z
2026-08-15T00:36:42+00:00,2026-08-14T17:36:42-07:00,LAX-HEL,2027-07-15,qantas,F,none,0,,2026-08-10T08:45:36.85094Z
2026-08-15T00:36:42+00:00,2026-08-14T17:36:42-07:00,LAX-HEL,2027-07-15,qatar,Y,none,4,AY,2026-08-14T05:20:27.883363Z
2026-08-15T00:36:42+00:00,2026-08-14T17:36:42-07:00,LAX-HEL,2027-07-15,qatar,W,none,0,,2026-08-14T05:20:27.883363Z
2026-08-15T00:36:42+00:00,2026-08-14T17:36:42-07:00,LAX-HEL,2027-07-15,qatar,J,none,0,,2026-08-14T05:20:27.883363Z
2026-08-15T00:36:42+00:00,2026-08-14T17:36:42-07:00,LAX-HEL,2027-07-15,qatar,F,none,0,,2026-08-14T05:20:27.883363Z
2026-08-15T00:36:42+00:00,2026-08-14T17:36:42-07:00,LAX-HEL,2027-07-16,qatar,Y,none,0,,2026-08-10T08:32:25.696748Z
2026-08-15T00:36:42+00:00,2026-08-14T17:36:42-07:00,LAX-HEL,2027-07-16,qatar,W,none,0,,2026-08-10T08:32:25.696748Z
2026-08-15T00:36:42+00:00,2026-08-14T17:36:42-07:00,LAX-HEL,2027-07-16,qatar,J,none,0,,2026-08-10T08:32:25.696748Z
2026-08-15T00:36:42+00:00,2026-08-14T17:36:42-07:00,LAX-HEL,2027-07-16,qatar,F,none,0,,2026-08-10T08:32:25.696748Z
2026-08-15T00:36:42+00:00,2026-08-14T17:36:42-07:00,LAX-HEL,2027-07-16,qantas,Y,none,0,,2026-08-07T21:16:05.655905Z
2026-08-15T00:36:42+00:00,2026-08-14T17:36:42-07:00,LAX-HEL,2027-07-16,qantas,W,none,0,,2026-08-07T21:16:05.655905Z
2026-08-15T00:36:42+00:00,2026-08-14T17:36:42-07:00,LAX-HEL,2027-07-16,qantas,J,none,0,,2026-08-07T21:16:05.655905Z
2026-08-15T00:36:42+00:00,2026-08-14T17:36:42-07:00,LAX-HEL,2027-07-16,qantas,F,none,0,,2026-08-07T21:16:05.655905Z
2026-08-15T00:36:42+00:00,2026-08-14T17:36:42-07:00,LAX-HEL,2027-07-17,qantas,Y,none,4,AY,2026-08-07T21:14:58.059759Z
2026-08-15T00:36:42+00:00,2026-08-14T17:36:42-07:00,LAX-HEL,2027-07-17,qantas,W,none,2,AY,2026-08-07T21:14:58.059759Z
2026-08-15T00:36:42+00:00,2026-08-14T17:36:42-07:00,LAX-HEL,2027-07-17,qantas,J,none,0,,2026-08-07T21:14:58.059759Z
2026-08-15T00:36:42+00:00,2026-08-14T17:36:42-07:00,LAX-HEL,2027-07-17,qantas,F,none,0,,2026-08-07T21:14:58.059759Z
2026-08-15T00:36:42+00:00,2026-08-14T17:36:42-07:00,LAX-HEL,2027-07-17,qatar,Y,none,0,,2026-08-11T22:54:37.99254Z
2026-08-15T00:36:42+00:00,2026-08-14T17:36:42-07:00,LAX-HEL,2027-07-17,qatar,W,none,0,,2026-08-11T22:54:37.99254Z
2026-08-15T00:36:42+00:00,2026-08-14T17:36:42-07:00,LAX-HEL,2027-07-17,qatar,J,none,0,,2026-08-11T22:54:37.99254Z
2026-08-15T00:36:42+00:00,2026-08-14T17:36:42-07:00,LAX-HEL,2027-07-17,qatar,F,none,0,,2026-08-11T22:54:37.99254Z
2026-08-15T00:36:42+00:00,2026-08-14T17:36:42-07:00,LAX-HEL,2027-07-18,qantas,Y,none,0,,2026-08-07T21:12:47.771063Z
2026-08-15T00:36:42+00:00,2026-08-14T17:36:42-07:00,LAX-HEL,2027-07-18,qantas,W,none,0,,2026-08-07T21:12:47.771063Z
2026-08-15T00:36:42+00:00,2026-08-14T17:36:42-07:00,LAX-HEL,2027-07-18,qantas,J,none,0,,2026-08-07T21:12:47.771063Z
2026-08-15T00:36:42+00:00,2026-08-14T17:36:42-07:00,LAX-HEL,2027-07-18,qantas,F,none,0,,2026-08-07T21:12:47.771063Z
2026-08-15T00:36:42+00:00,2026-08-14T17:36:42-07:00,LAX-HEL,2027-07-18,qatar,Y,none,0,,2026-08-13T10:18:09.777935Z
2026-08-15T00:36:42+00:00,2026-08-14T17:36:42-07:00,LAX-HEL,2027-07-18,qatar,W,none,0,,2026-08-13T10:18:09.777935Z
2026-08-15T00:36:42+00:00,2026-08-14T17:36:42-07:00,LAX-HEL,2027-07-18,qatar,J,none,0,,2026-08-13T10:18:09.777935Z
2026-08-15T00:36:42+00:00,2026-08-14T17:36:42-07:00,LAX-HEL,2027-07-18,qatar,F,none,0,,2026-08-13T10:18:09.777935Z
2026-08-15T00:36:42+00:00,2026-08-14T17:36:42-07:00,LAX-HEL,2027-07-19,qantas,Y,none,4,AY,2026-08-08T02:11:44.538054Z
2026-08-15T00:36:42+00:00,2026-08-14T17:36:42-07:00,LAX-HEL,2027-07-19,qantas,W,none,2,AY,2026-08-08T02:11:44.538054Z
2026-08-15T00:36:42+00:00,2026-08-14T17:36:42-07:00,LAX-HEL,2027-07-19,qantas,J,none,0,,2026-08-08T02:11:44.538054Z
2026-08-15T00:36:42+00:00,2026-08-14T17:36:42-07:00,LAX-HEL,2027-07-19,qantas,F,none,0,,2026-08-08T02:11:44.538054Z
2026-08-15T00:36:42+00:00,2026-08-14T17:36:42-07:00,LAX-HEL,2027-07-19,qatar,Y,none,4,AY,2026-08-13T10:18:13.18915Z
2026-08-15T00:36:42+00:00,2026-08-14T17:36:42-07:00,LAX-HEL,2027-07-19,qatar,W,none,0,,2026-08-13T10:18:13.18915Z
2026-08-15T00:36:42+00:00,2026-08-14T17:36:42-07:00,LAX-HEL,2027-07-19,qatar,J,none,0,,2026-08-13T10:18:13.18915Z
2026-08-15T00:36:42+00:00,2026-08-14T17:36:42-07:00,LAX-HEL,2027-07-19,qatar,F,none,0,,2026-08-13T10:18:13.18915Z
2026-08-15T00:36:42+00:00,2026-08-14T17:36:42-07:00,LAX-HEL,2027-07-20,qantas,Y,none,0,,2026-08-07T21:11:33.156957Z
2026-08-15T00:36:42+00:00,2026-08-14T17:36:42-07:00,LAX-HEL,2027-07-20,qantas,W,none,0,,2026-08-07T21:11:33.156957Z
2026-08-15T00:36:42+00:00,2026-08-14T17:36:42-07:00,LAX-HEL,2027-07-20,qantas,J,none,0,,2026-08-07T21:11:33.156957Z
2026-08-15T00:36:42+00:00,2026-08-14T17:36:42-07:00,LAX-HEL,2027-07-20,qantas,F,none,0,,2026-08-07T21:11:33.156957Z
2026-08-15T00:36:42+00:00,2026-08-14T17:36:42-07:00,LAX-HEL,2027-07-20,qatar,Y,none,0,,2026-08-13T10:18:02.215325Z
2026-08-15T00:36:42+00:00,2026-08-14T17:36:42-07:00,LAX-HEL,2027-07-20,qatar,W,none,0,,2026-08-13T10:18:02.215325Z
2026-08-15T00:36:42+00:00,2026-08-14T17:36:42-07:00,LAX-HEL,2027-07-20,qatar,J,none,0,,2026-08-13T10:18:02.215325Z
2026-08-15T00:36:42+00:00,2026-08-14T17:36:42-07:00,LAX-HEL,2027-07-20,qatar,F,none,0,,2026-08-13T10:18:02.215325Z
2026-08-15T00:36:42+00:00,2026-08-14T17:36:42-07:00,LAX-HEL,2027-07-21,qantas,Y,none,4,AY,2026-08-07T21:13:59.236633Z
2026-08-15T00:36:42+00:00,2026-08-14T17:36:42-07:00,LAX-HEL,2027-07-21,qantas,W,none,2,AY,2026-08-07T21:13:59.236633Z
2026-08-15T00:36:42+00:00,2026-08-14T17:36:42-07:00,LAX-HEL,2027-07-21,qantas,J,none,0,,2026-08-07T21:13:59.236633Z
2026-08-15T00:36:42+00:00,2026-08-14T17:36:42-07:00,LAX-HEL,2027-07-21,qantas,F,none,0,,2026-08-07T21:13:59.236633Z
2026-08-15T00:36:42+00:00,2026-08-14T17:36:42-07:00,LAX-HEL,2027-07-21,qatar,Y,none,4,AY,2026-08-14T17:28:57.173403Z
2026-08-15T00:36:42+00:00,2026-08-14T17:36:42-07:00,LAX-HEL,2027-07-21,qatar,W,none,0,,2026-08-14T17:28:57.173403Z
2026-08-15T00:36:42+00:00,2026-08-14T17:36:42-07:00,LAX-HEL,2027-07-21,qatar,J,none,0,,2026-08-14T17:28:57.173403Z
2026-08-15T00:36:42+00:00,2026-08-14T17:36:42-07:00,LAX-HEL,2027-07-21,qatar,F,none,0,,2026-08-14T17:28:57.173403Z
2026-08-15T00:36:42+00:00,2026-08-14T17:36:42-07:00,LAX-HEL,2027-07-22,qantas,Y,none,3,AY,2026-08-09T01:12:58.090603Z
2026-08-15T00:36:42+00:00,2026-08-14T17:36:42-07:00,LAX-HEL,2027-07-22,qantas,W,none,1,AY,2026-08-09T01:12:58.090603Z
2026-08-15T00:36:42+00:00,2026-08-14T17:36:42-07:00,LAX-HEL,2027-07-22,qantas,J,none,0,,2026-08-09T01:12:58.090603Z
2026-08-15T00:36:42+00:00,2026-08-14T17:36:42-07:00,LAX-HEL,2027-07-22,qantas,F,none,0,,2026-08-09T01:12:58.090603Z
2026-08-15T00:36:42+00:00,2026-08-14T17:36:42-07:00,LAX-HEL,2027-07-22,qatar,Y,none,3,AY,2026-08-14T15:52:28.499623Z
2026-08-15T00:36:42+00:00,2026-08-14T17:36:42-07:00,LAX-HEL,2027-07-22,qatar,W,none,0,,2026-08-14T15:52:28.499623Z
2026-08-15T00:36:42+00:00,2026-08-14T17:36:42-07:00,LAX-HEL,2027-07-22,qatar,J,none,0,,2026-08-14T15:52:28.499623Z
2026-08-15T00:36:42+00:00,2026-08-14T17:36:42-07:00,LAX-HEL,2027-07-22,qatar,F,none,0,,2026-08-14T15:52:28.499623Z
2026-08-15T00:36:42+00:00,2026-08-14T17:36:42-07:00,LAX-HEL,2027-07-23,qantas,Y,none,0,,2026-08-14T18:47:31.662366Z
2026-08-15T00:36:42+00:00,2026-08-14T17:36:42-07:00,LAX-HEL,2027-07-23,qantas,W,none,0,,2026-08-14T18:47:31.662366Z
2026-08-15T00:36:42+00:00,2026-08-14T17:36:42-07:00,LAX-HEL,2027-07-23,qantas,J,none,0,,2026-08-14T18:47:31.662366Z
2026-08-15T00:36:42+00:00,2026-08-14T17:36:42-07:00,LAX-HEL,2027-07-23,qantas,F,none,0,,2026-08-14T18:47:31.662366Z
2026-08-15T00:36:42+00:00,2026-08-14T17:36:42-07:00,LAX-HEL,2027-07-23,qatar,Y,none,0,,2026-08-14T22:21:27.600577Z
2026-08-15T00:36:42+00:00,2026-08-14T17:36:42-07:00,LAX-HEL,2027-07-23,qatar,W,none,0,,2026-08-14T22:21:27.600577Z
2026-08-15T00:36:42+00:00,2026-08-14T17:36:42-07:00,LAX-HEL,2027-07-23,qatar,J,none,0,,2026-08-14T22:21:27.600577Z
2026-08-15T00:36:42+00:00,2026-08-14T17:36:42-07:00,LAX-HEL,2027-07-23,qatar,F,none,0,,2026-08-14T22:21:27.600577Z
2026-08-15T00:36:42+00:00,2026-08-14T17:36:42-07:00,LAX-HEL,2027-07-24,qantas,Y,none,4,AY,2026-08-07T21:18:06.298645Z
2026-08-15T00:36:42+00:00,2026-08-14T17:36:42-07:00,LAX-HEL,2027-07-24,qantas,W,none,2,AY,2026-08-07T21:18:06.298645Z
2026-08-15T00:36:42+00:00,2026-08-14T17:36:42-07:00,LAX-HEL,2027-07-24,qantas,J,none,0,,2026-08-07T21:18:06.298645Z
2026-08-15T00:36:42+00:00,2026-08-14T17:36:42-07:00,LAX-HEL,2027-07-24,qantas,F,none,0,,2026-08-07T21:18:06.298645Z
2026-08-15T00:36:42+00:00,2026-08-14T17:36:42-07:00,LAX-HEL,2027-07-24,qatar,Y,none,4,AY,2026-08-14T17:27:57.21495Z
2026-08-15T00:36:42+00:00,2026-08-14T17:36:42-07:00,LAX-HEL,2027-07-24,qatar,W,none,0,,2026-08-14T17:27:57.21495Z
2026-08-15T00:36:42+00:00,2026-08-14T17:36:42-07:00,LAX-HEL,2027-07-24,qatar,J,none,0,,2026-08-14T17:27:57.21495Z
2026-08-15T00:36:42+00:00,2026-08-14T17:36:42-07:00,LAX-HEL,2027-07-24,qatar,F,none,0,,2026-08-14T17:27:57.21495Z
2026-08-15T00:36:42+00:00,2026-08-14T17:36:42-07:00,LAX-HEL,2027-07-25,qantas,Y,none,0,,2026-08-07T21:17:20.656119Z
2026-08-15T00:36:42+00:00,2026-08-14T17:36:42-07:00,LAX-HEL,2027-07-25,qantas,W,none,0,,2026-08-07T21:17:20.656119Z
2026-08-15T00:36:42+00:00,2026-08-14T17:36:42-07:00,LAX-HEL,2027-07-25,qantas,J,none,0,,2026-08-07T21:17:20.656119Z
2026-08-15T00:36:42+00:00,2026-08-14T17:36:42-07:00,LAX-HEL,2027-07-25,qantas,F,none,0,,2026-08-07T21:17:20.656119Z
2026-08-15T00:36:42+00:00,2026-08-14T17:36:42-07:00,LAX-HEL,2027-07-25,qatar,Y,none,0,,2026-08-14T17:43:25.467684Z
2026-08-15T00:36:42+00:00,2026-08-14T17:36:42-07:00,LAX-HEL,2027-07-25,qatar,W,none,0,,2026-08-14T17:43:25.467684Z
2026-08-15T00:36:42+00:00,2026-08-14T17:36:42-07:00,LAX-HEL,2027-07-25,qatar,J,none,0,,2026-08-14T17:43:25.467684Z
2026-08-15T00:36:42+00:00,2026-08-14T17:36:42-07:00,LAX-HEL,2027-07-25,qatar,F,none,0,,2026-08-14T17:43:25.467684Z
2026-08-15T00:36:42+00:00,2026-08-14T17:36:42-07:00,LAX-HEL,2027-07-26,qatar,Y,none,4,AY,2026-08-14T21:49:25.704344Z
2026-08-15T00:36:42+00:00,2026-08-14T17:36:42-07:00,LAX-HEL,2027-07-26,qatar,W,none,0,,2026-08-14T21:49:25.704344Z
2026-08-15T00:36:42+00:00,2026-08-14T17:36:42-07:00,LAX-HEL,2027-07-26,qatar,J,none,1,AY,2026-08-14T21:49:25.704344Z
2026-08-15T00:36:42+00:00,2026-08-14T17:36:42-07:00,LAX-HEL,2027-07-26,qatar,F,none,0,,2026-08-14T21:49:25.704344Z
2026-08-15T00:36:42+00:00,2026-08-14T17:36:42-07:00,LAX-HEL,2027-07-26,qantas,Y,none,4,AY,2026-08-13T17:28:58.165239Z
2026-08-15T00:36:42+00:00,2026-08-14T17:36:42-07:00,LAX-HEL,2027-07-26,qantas,W,none,2,AY,2026-08-13T17:28:58.165239Z
2026-08-15T00:36:42+00:00,2026-08-14T17:36:42-07:00,LAX-HEL,2027-07-26,qantas,J,none,1,AY,2026-08-13T17:28:58.165239Z
2026-08-15T00:36:42+00:00,2026-08-14T17:36:42-07:00,LAX-HEL,2027-07-26,qantas,F,none,0,,2026-08-13T17:28:58.165239Z
2026-08-15T00:36:42+00:00,2026-08-14T17:36:42-07:00,LAX-HEL,2027-07-27,qantas,Y,none,0,,2026-08-14T22:21:27.357259Z
2026-08-15T00:36:42+00:00,2026-08-14T17:36:42-07:00,LAX-HEL,2027-07-27,qantas,W,none,0,,2026-08-14T22:21:27.357259Z
2026-08-15T00:36:42+00:00,2026-08-14T17:36:42-07:00,LAX-HEL,2027-07-27,qantas,J,none,0,,2026-08-14T22:21:27.357259Z
2026-08-15T00:36:42+00:00,2026-08-14T17:36:42-07:00,LAX-HEL,2027-07-27,qantas,F,none,0,,2026-08-14T22:21:27.357259Z
2026-08-15T00:36:42+00:00,2026-08-14T17:36:42-07:00,LAX-HEL,2027-07-27,qatar,Y,none,0,,2026-08-14T17:43:28.850214Z
2026-08-15T00:36:42+00:00,2026-08-14T17:36:42-07:00,LAX-HEL,2027-07-27,qatar,W,none,0,,2026-08-14T17:43:28.850214Z
2026-08-15T00:36:42+00:00,2026-08-14T17:36:42-07:00,LAX-HEL,2027-07-27,qatar,J,none,0,,2026-08-14T17:43:28.850214Z
2026-08-15T00:36:42+00:00,2026-08-14T17:36:42-07:00,LAX-HEL,2027-07-27,qatar,F,none,0,,2026-08-14T17:43:28.850214Z
2026-08-15T00:36:42+00:00,2026-08-14T17:36:42-07:00,LAX-HEL,2027-07-28,qatar,Y,none,4,AY,2026-08-14T23:50:29.347337Z
2026-08-15T00:36:42+00:00,2026-08-14T17:36:42-07:00,LAX-HEL,2027-07-28,qatar,W,none,0,,2026-08-14T23:50:29.347337Z
2026-08-15T00:36:42+00:00,2026-08-14T17:36:42-07:00,LAX-HEL,2027-07-28,qatar,J,none,0,,2026-08-14T23:50:29.347337Z
2026-08-15T00:36:42+00:00,2026-08-14T17:36:42-07:00,LAX-HEL,2027-07-28,qatar,F,none,0,,2026-08-14T23:50:29.347337Z
2026-08-15T00:36:42+00:00,2026-08-14T17:36:42-07:00,LAX-HEL,2027-07-29,qatar,Y,none,4,AY,2026-08-14T23:50:28.998501Z
2026-08-15T00:36:42+00:00,2026-08-14T17:36:42-07:00,LAX-HEL,2027-07-29,qatar,W,none,0,,2026-08-14T23:50:28.998501Z
2026-08-15T00:36:42+00:00,2026-08-14T17:36:42-07:00,LAX-HEL,2027-07-29,qatar,J,none,0,,2026-08-14T23:50:28.998501Z
2026-08-15T00:36:42+00:00,2026-08-14T17:36:42-07:00,LAX-HEL,2027-07-29,qatar,F,none,0,,2026-08-14T23:50:28.998501Z
2026-08-15T00:36:42+00:00,2026-08-14T17:36:42-07:00,LAX-HEL,2027-07-30,qatar,Y,none,0,,2026-08-14T22:21:52.154884Z
2026-08-15T00:36:42+00:00,2026-08-14T17:36:42-07:00,LAX-HEL,2027-07-30,qatar,W,none,0,,2026-08-14T22:21:52.154884Z
2026-08-15T00:36:42+00:00,2026-08-14T17:36:42-07:00,LAX-HEL,2027-07-30,qatar,J,none,0,,2026-08-14T22:21:52.154884Z
2026-08-15T00:36:42+00:00,2026-08-14T17:36:42-07:00,LAX-HEL,2027-07-30,qatar,F,none,0,,2026-08-14T22:21:52.154884Z
2026-08-15T00:36:42+00:00,2026-08-14T17:36:42-07:00,LAX-HEL,2027-07-31,qatar,Y,none,4,AY,2026-08-14T22:21:28.908841Z
2026-08-15T00:36:42+00:00,2026-08-14T17:36:42-07:00,LAX-HEL,2027-07-31,qatar,W,none,0,,2026-08-14T22:21:28.908841Z
2026-08-15T00:36:42+00:00,2026-08-14T17:36:42-07:00,LAX-HEL,2027-07-31,qatar,J,none,0,,2026-08-14T22:21:28.908841Z
2026-08-15T00:36:42+00:00,2026-08-14T17:36:42-07:00,LAX-HEL,2027-07-31,qatar,F,none,0,,2026-08-14T22:21:28.908841Z
2026-08-15T00:36:42+00:00,2026-08-14T17:36:42-07:00,LAX-HEL,2027-08-01,qatar,Y,none,0,,2026-08-14T23:35:18.901421Z
2026-08-15T00:36:42+00:00,2026-08-14T17:36:42-07:00,LAX-HEL,2027-08-01,qatar,W,none,0,,2026-08-14T23:35:18.901421Z
2026-08-15T00:36:42+00:00,2026-08-14T17:36:42-07:00,LAX-HEL,2027-08-01,qatar,J,none,0,,2026-08-14T23:35:18.901421Z
2026-08-15T00:36:42+00:00,2026-08-14T17:36:42-07:00,LAX-HEL,2027-08-01,qatar,F,none,0,,2026-08-14T23:35:18.901421Z
2026-08-15T00:36:42+00:00,2026-08-14T17:36:42-07:00,LAX-HEL,2027-08-02,qatar,Y,none,4,AY,2026-08-14T22:21:26.334582Z
2026-08-15T00:36:42+00:00,2026-08-14T17:36:42-07:00,LAX-HEL,2027-08-02,qatar,W,none,0,,2026-08-14T22:21:26.334582Z
2026-08-15T00:36:42+00:00,2026-08-14T17:36:42-07:00,LAX-HEL,2027-08-02,qatar,J,none,0,,2026-08-14T22:21:26.334582Z
2026-08-15T00:36:42+00:00,2026-08-14T17:36:42-07:00,LAX-HEL,2027-08-02,qatar,F,none,0,,2026-08-14T22:21:26.334582Z
2026-08-15T00:36:42+00:00,2026-08-14T17:36:42-07:00,LAX-HEL,2027-08-03,qatar,Y,none,0,,2026-08-14T22:21:28.630379Z
2026-08-15T00:36:42+00:00,2026-08-14T17:36:42-07:00,LAX-HEL,2027-08-03,qatar,W,none,0,,2026-08-14T22:21:28.630379Z
2026-08-15T00:36:42+00:00,2026-08-14T17:36:42-07:00,LAX-HEL,2027-08-03,qatar,J,none,0,,2026-08-14T22:21:28.630379Z
2026-08-15T00:36:42+00:00,2026-08-14T17:36:42-07:00,LAX-HEL,2027-08-03,qatar,F,none,0,,2026-08-14T22:21:28.630379Z
2026-08-15T00:36:42+00:00,2026-08-14T17:36:42-07:00,LAX-HEL,2027-08-04,qatar,Y,none,4,AY,2026-08-15T00:02:33.098091Z
2026-08-15T00:36:42+00:00,2026-08-14T17:36:42-07:00,LAX-HEL,2027-08-04,qatar,W,none,0,,2026-08-15T00:02:33.098091Z
2026-08-15T00:36:42+00:00,2026-08-14T17:36:42-07:00,LAX-HEL,2027-08-04,qatar,J,none,0,,2026-08-15T00:02:33.098091Z
2026-08-15T00:36:42+00:00,2026-08-14T17:36:42-07:00,LAX-HEL,2027-08-04,qatar,F,none,0,,2026-08-15T00:02:33.098091Z
2026-08-15T00:36:42+00:00,2026-08-14T17:36:42-07:00,LAX-HEL,2027-08-05,qatar,Y,none,4,AY,2026-08-15T00:02:31.744261Z
2026-08-15T00:36:42+00:00,2026-08-14T17:36:42-07:00,LAX-HEL,2027-08-05,qatar,W,none,0,,2026-08-15T00:02:31.744261Z
2026-08-15T00:36:42+00:00,2026-08-14T17:36:42-07:00,LAX-HEL,2027-08-05,qatar,J,none,2,AY,2026-08-15T00:02:31.744261Z
2026-08-15T00:36:42+00:00,2026-08-14T17:36:42-07:00,LAX-HEL,2027-08-05,qatar,F,none,0,,2026-08-15T00:02:31.744261Z
2026-08-15T00:36:42+00:00,2026-08-14T17:36:42-07:00,LAX-HEL,2027-08-06,qatar,Y,none,0,,2026-08-13T07:47:26.603939Z
2026-08-15T00:36:42+00:00,2026-08-14T17:36:42-07:00,LAX-HEL,2027-08-06,qatar,W,none,0,,2026-08-13T07:47:26.603939Z
2026-08-15T00:36:42+00:00,2026-08-14T17:36:42-07:00,LAX-HEL,2027-08-06,qatar,J,none,0,,2026-08-13T07:47:26.603939Z
2026-08-15T00:36:42+00:00,2026-08-14T17:36:42-07:00,LAX-HEL,2027-08-06,qatar,F,none,0,,2026-08-13T07:47:26.603939Z
2026-08-15T00:36:42+00:00,2026-08-14T17:36:42-07:00,LAX-MAD,2027-07-05,qantas,Y,none,0,,2026-08-09T14:43:58.13729Z
2026-08-15T00:36:42+00:00,2026-08-14T17:36:42-07:00,LAX-MAD,2027-07-05,qantas,W,none,0,,2026-08-09T14:43:58.13729Z
2026-08-15T00:36:42+00:00,2026-08-14T17:36:42-07:00,LAX-MAD,2027-07-05,qantas,J,none,0,,2026-08-09T14:43:58.13729Z
2026-08-15T00:36:42+00:00,2026-08-14T17:36:42-07:00,LAX-MAD,2027-07-05,qantas,F,none,0,,2026-08-09T14:43:58.13729Z
2026-08-15T00:36:42+00:00,2026-08-14T17:36:42-07:00,LAX-MAD,2027-07-05,qatar,Y,none,2,IB,2026-08-14T02:00:42.124772Z
2026-08-15T00:36:42+00:00,2026-08-14T17:36:42-07:00,LAX-MAD,2027-07-05,qatar,W,none,0,,2026-08-14T02:00:42.124772Z
2026-08-15T00:36:42+00:00,2026-08-14T17:36:42-07:00,LAX-MAD,2027-07-05,qatar,J,none,0,,2026-08-14T02:00:42.124772Z
2026-08-15T00:36:42+00:00,2026-08-14T17:36:42-07:00,LAX-MAD,2027-07-05,qatar,F,none,0,,2026-08-14T02:00:42.124772Z
2026-08-15T00:36:42+00:00,2026-08-14T17:36:42-07:00,LAX-MAD,2027-07-05,american,Y,none,0,IB,2026-08-12T23:04:10.582614Z
2026-08-15T00:36:42+00:00,2026-08-14T17:36:42-07:00,LAX-MAD,2027-07-05,american,W,none,0,,2026-08-12T23:04:10.582614Z
2026-08-15T00:36:42+00:00,2026-08-14T17:36:42-07:00,LAX-MAD,2027-07-05,american,J,none,0,,2026-08-12T23:04:10.582614Z
2026-08-15T00:36:42+00:00,2026-08-14T17:36:42-07:00,LAX-MAD,2027-07-05,american,F,none,0,,2026-08-12T23:04:10.582614Z
2026-08-15T00:36:42+00:00,2026-08-14T17:36:42-07:00,LAX-MAD,2027-07-05,alaska,Y,none,2,IB,2026-08-14T16:06:29.065019Z
2026-08-15T00:36:42+00:00,2026-08-14T17:36:42-07:00,LAX-MAD,2027-07-05,alaska,W,none,0,,2026-08-14T16:06:29.065019Z
2026-08-15T00:36:42+00:00,2026-08-14T17:36:42-07:00,LAX-MAD,2027-07-05,alaska,J,none,0,,2026-08-14T16:06:29.065019Z
2026-08-15T00:36:42+00:00,2026-08-14T17:36:42-07:00,LAX-MAD,2027-07-05,alaska,F,none,0,,2026-08-14T16:06:29.065019Z
2026-08-15T00:36:42+00:00,2026-08-14T17:36:42-07:00,LAX-MAD,2027-07-06,qantas,Y,none,0,,2026-08-09T14:48:47.882795Z
2026-08-15T00:36:42+00:00,2026-08-14T17:36:42-07:00,LAX-MAD,2027-07-06,qantas,W,none,0,,2026-08-09T14:48:47.882795Z
2026-08-15T00:36:42+00:00,2026-08-14T17:36:42-07:00,LAX-MAD,2027-07-06,qantas,J,none,0,,2026-08-09T14:48:47.882795Z
2026-08-15T00:36:42+00:00,2026-08-14T17:36:42-07:00,LAX-MAD,2027-07-06,qantas,F,none,0,,2026-08-09T14:48:47.882795Z
2026-08-15T00:36:42+00:00,2026-08-14T17:36:42-07:00,LAX-MAD,2027-07-06,alaska,Y,none,4,IB,2026-08-14T16:06:28.496451Z
2026-08-15T00:36:42+00:00,2026-08-14T17:36:42-07:00,LAX-MAD,2027-07-06,alaska,W,none,0,,2026-08-14T16:06:28.496451Z
2026-08-15T00:36:42+00:00,2026-08-14T17:36:42-07:00,LAX-MAD,2027-07-06,alaska,J,none,0,,2026-08-14T16:06:28.496451Z
2026-08-15T00:36:42+00:00,2026-08-14T17:36:42-07:00,LAX-MAD,2027-07-06,alaska,F,none,0,,2026-08-14T16:06:28.496451Z
2026-08-15T00:36:42+00:00,2026-08-14T17:36:42-07:00,LAX-MAD,2027-07-06,american,Y,none,0,IB,2026-08-14T16:06:37.715663Z
2026-08-15T00:36:42+00:00,2026-08-14T17:36:42-07:00,LAX-MAD,2027-07-06,american,W,none,0,,2026-08-14T16:06:37.715663Z
2026-08-15T00:36:42+00:00,2026-08-14T17:36:42-07:00,LAX-MAD,2027-07-06,american,J,none,0,,2026-08-14T16:06:37.715663Z
2026-08-15T00:36:42+00:00,2026-08-14T17:36:42-07:00,LAX-MAD,2027-07-06,american,F,none,0,,2026-08-14T16:06:37.715663Z
2026-08-15T00:36:42+00:00,2026-08-14T17:36:42-07:00,LAX-MAD,2027-07-06,qatar,Y,none,4,IB,2026-08-13T21:31:29.679776Z
2026-08-15T00:36:42+00:00,2026-08-14T17:36:42-07:00,LAX-MAD,2027-07-06,qatar,W,none,0,,2026-08-13T21:31:29.679776Z
2026-08-15T00:36:42+00:00,2026-08-14T17:36:42-07:00,LAX-MAD,2027-07-06,qatar,J,none,0,,2026-08-13T21:31:29.679776Z
2026-08-15T00:36:42+00:00,2026-08-14T17:36:42-07:00,LAX-MAD,2027-07-06,qatar,F,none,0,,2026-08-13T21:31:29.679776Z
2026-08-15T00:36:42+00:00,2026-08-14T17:36:42-07:00,LAX-MAD,2027-07-07,qantas,Y,none,0,,2026-08-09T14:48:17.498305Z
2026-08-15T00:36:42+00:00,2026-08-14T17:36:42-07:00,LAX-MAD,2027-07-07,qantas,W,none,0,,2026-08-09T14:48:17.498305Z
2026-08-15T00:36:42+00:00,2026-08-14T17:36:42-07:00,LAX-MAD,2027-07-07,qantas,J,none,0,,2026-08-09T14:48:17.498305Z
2026-08-15T00:36:42+00:00,2026-08-14T17:36:42-07:00,LAX-MAD,2027-07-07,qantas,F,none,0,,2026-08-09T14:48:17.498305Z
2026-08-15T00:36:42+00:00,2026-08-14T17:36:42-07:00,LAX-MAD,2027-07-07,american,Y,none,0,,2026-08-14T10:27:02.249708Z
2026-08-15T00:36:42+00:00,2026-08-14T17:36:42-07:00,LAX-MAD,2027-07-07,american,W,none,0,,2026-08-14T10:27:02.249708Z
2026-08-15T00:36:42+00:00,2026-08-14T17:36:42-07:00,LAX-MAD,2027-07-07,american,J,none,0,,2026-08-14T10:27:02.249708Z
2026-08-15T00:36:42+00:00,2026-08-14T17:36:42-07:00,LAX-MAD,2027-07-07,american,F,none,0,,2026-08-14T10:27:02.249708Z
2026-08-15T00:36:42+00:00,2026-08-14T17:36:42-07:00,LAX-MAD,2027-07-07,qatar,Y,none,0,,2026-08-14T18:53:43.683931Z
2026-08-15T00:36:42+00:00,2026-08-14T17:36:42-07:00,LAX-MAD,2027-07-07,qatar,W,none,0,,2026-08-14T18:53:43.683931Z
2026-08-15T00:36:42+00:00,2026-08-14T17:36:42-07:00,LAX-MAD,2027-07-07,qatar,J,none,0,,2026-08-14T18:53:43.683931Z
2026-08-15T00:36:42+00:00,2026-08-14T17:36:42-07:00,LAX-MAD,2027-07-07,qatar,F,none,0,,2026-08-14T18:53:43.683931Z
2026-08-15T00:36:42+00:00,2026-08-14T17:36:42-07:00,LAX-MAD,2027-07-07,alaska,Y,none,0,,2026-08-14T16:06:42.793546Z
2026-08-15T00:36:42+00:00,2026-08-14T17:36:42-07:00,LAX-MAD,2027-07-07,alaska,W,none,0,,2026-08-14T16:06:42.793546Z
2026-08-15T00:36:42+00:00,2026-08-14T17:36:42-07:00,LAX-MAD,2027-07-07,alaska,J,none,0,,2026-08-14T16:06:42.793546Z
2026-08-15T00:36:42+00:00,2026-08-14T17:36:42-07:00,LAX-MAD,2027-07-07,alaska,F,none,0,,2026-08-14T16:06:42.793546Z
2026-08-15T00:36:42+00:00,2026-08-14T17:36:42-07:00,LAX-MAD,2027-07-08,alaska,Y,none,0,,2026-08-14T16:06:39.680761Z
2026-08-15T00:36:42+00:00,2026-08-14T17:36:42-07:00,LAX-MAD,2027-07-08,alaska,W,none,0,,2026-08-14T16:06:39.680761Z
2026-08-15T00:36:42+00:00,2026-08-14T17:36:42-07:00,LAX-MAD,2027-07-08,alaska,J,none,0,,2026-08-14T16:06:39.680761Z
2026-08-15T00:36:42+00:00,2026-08-14T17:36:42-07:00,LAX-MAD,2027-07-08,alaska,F,none,0,,2026-08-14T16:06:39.680761Z
2026-08-15T00:36:42+00:00,2026-08-14T17:36:42-07:00,LAX-MAD,2027-07-08,qantas,Y,none,0,,2026-08-09T14:47:39.975296Z
2026-08-15T00:36:42+00:00,2026-08-14T17:36:42-07:00,LAX-MAD,2027-07-08,qantas,W,none,0,,2026-08-09T14:47:39.975296Z
2026-08-15T00:36:42+00:00,2026-08-14T17:36:42-07:00,LAX-MAD,2027-07-08,qantas,J,none,0,,2026-08-09T14:47:39.975296Z
2026-08-15T00:36:42+00:00,2026-08-14T17:36:42-07:00,LAX-MAD,2027-07-08,qantas,F,none,0,,2026-08-09T14:47:39.975296Z
2026-08-15T00:36:42+00:00,2026-08-14T17:36:42-07:00,LAX-MAD,2027-07-08,american,Y,none,0,,2026-08-13T16:52:56.007887Z
2026-08-15T00:36:42+00:00,2026-08-14T17:36:42-07:00,LAX-MAD,2027-07-08,american,W,none,0,,2026-08-13T16:52:56.007887Z
2026-08-15T00:36:42+00:00,2026-08-14T17:36:42-07:00,LAX-MAD,2027-07-08,american,J,none,0,,2026-08-13T16:52:56.007887Z
2026-08-15T00:36:42+00:00,2026-08-14T17:36:42-07:00,LAX-MAD,2027-07-08,american,F,none,0,,2026-08-13T16:52:56.007887Z
2026-08-15T00:36:42+00:00,2026-08-14T17:36:42-07:00,LAX-MAD,2027-07-08,qatar,Y,none,0,,2026-08-14T18:54:09.273172Z
2026-08-15T00:36:42+00:00,2026-08-14T17:36:42-07:00,LAX-MAD,2027-07-08,qatar,W,none,0,,2026-08-14T18:54:09.273172Z
2026-08-15T00:36:42+00:00,2026-08-14T17:36:42-07:00,LAX-MAD,2027-07-08,qatar,J,none,0,,2026-08-14T18:54:09.273172Z
2026-08-15T00:36:42+00:00,2026-08-14T17:36:42-07:00,LAX-MAD,2027-07-08,qatar,F,none,0,,2026-08-14T18:54:09.273172Z
2026-08-15T00:36:42+00:00,2026-08-14T17:36:42-07:00,LAX-MAD,2027-07-09,qantas,Y,none,0,,2026-08-09T14:45:29.832088Z
2026-08-15T00:36:42+00:00,2026-08-14T17:36:42-07:00,LAX-MAD,2027-07-09,qantas,W,none,0,,2026-08-09T14:45:29.832088Z
2026-08-15T00:36:42+00:00,2026-08-14T17:36:42-07:00,LAX-MAD,2027-07-09,qantas,J,none,0,,2026-08-09T14:45:29.832088Z
2026-08-15T00:36:42+00:00,2026-08-14T17:36:42-07:00,LAX-MAD,2027-07-09,qantas,F,none,0,,2026-08-09T14:45:29.832088Z
2026-08-15T00:36:42+00:00,2026-08-14T17:36:42-07:00,LAX-MAD,2027-07-09,alaska,Y,none,0,,2026-08-14T15:17:21.756571Z
2026-08-15T00:36:42+00:00,2026-08-14T17:36:42-07:00,LAX-MAD,2027-07-09,alaska,W,none,0,,2026-08-14T15:17:21.756571Z
2026-08-15T00:36:42+00:00,2026-08-14T17:36:42-07:00,LAX-MAD,2027-07-09,alaska,J,none,0,,2026-08-14T15:17:21.756571Z
2026-08-15T00:36:42+00:00,2026-08-14T17:36:42-07:00,LAX-MAD,2027-07-09,alaska,F,none,0,,2026-08-14T15:17:21.756571Z
2026-08-15T00:36:42+00:00,2026-08-14T17:36:42-07:00,LAX-MAD,2027-07-09,qatar,Y,none,0,,2026-08-14T18:53:43.759275Z
2026-08-15T00:36:42+00:00,2026-08-14T17:36:42-07:00,LAX-MAD,2027-07-09,qatar,W,none,0,,2026-08-14T18:53:43.759275Z
2026-08-15T00:36:42+00:00,2026-08-14T17:36:42-07:00,LAX-MAD,2027-07-09,qatar,J,none,0,,2026-08-14T18:53:43.759275Z
2026-08-15T00:36:42+00:00,2026-08-14T17:36:42-07:00,LAX-MAD,2027-07-09,qatar,F,none,0,,2026-08-14T18:53:43.759275Z
2026-08-15T00:36:42+00:00,2026-08-14T17:36:42-07:00,LAX-MAD,2027-07-09,american,Y,none,0,,2026-08-13T16:46:51.555417Z
2026-08-15T00:36:42+00:00,2026-08-14T17:36:42-07:00,LAX-MAD,2027-07-09,american,W,none,0,,2026-08-13T16:46:51.555417Z
2026-08-15T00:36:42+00:00,2026-08-14T17:36:42-07:00,LAX-MAD,2027-07-09,american,J,none,0,,2026-08-13T16:46:51.555417Z
2026-08-15T00:36:42+00:00,2026-08-14T17:36:42-07:00,LAX-MAD,2027-07-09,american,F,none,0,,2026-08-13T16:46:51.555417Z
2026-08-15T00:36:42+00:00,2026-08-14T17:36:42-07:00,LAX-MAD,2027-07-10,qantas,Y,none,0,,2026-08-10T07:13:02.630586Z
2026-08-15T00:36:42+00:00,2026-08-14T17:36:42-07:00,LAX-MAD,2027-07-10,qantas,W,none,0,,2026-08-10T07:13:02.630586Z
2026-08-15T00:36:42+00:00,2026-08-14T17:36:42-07:00,LAX-MAD,2027-07-10,qantas,J,none,0,,2026-08-10T07:13:02.630586Z
2026-08-15T00:36:42+00:00,2026-08-14T17:36:42-07:00,LAX-MAD,2027-07-10,qantas,F,none,0,,2026-08-10T07:13:02.630586Z
2026-08-15T00:36:42+00:00,2026-08-14T17:36:42-07:00,LAX-MAD,2027-07-10,alaska,Y,none,4,IB,2026-08-14T16:06:26.74811Z
2026-08-15T00:36:42+00:00,2026-08-14T17:36:42-07:00,LAX-MAD,2027-07-10,alaska,W,none,0,,2026-08-14T16:06:26.74811Z
2026-08-15T00:36:42+00:00,2026-08-14T17:36:42-07:00,LAX-MAD,2027-07-10,alaska,J,none,0,,2026-08-14T16:06:26.74811Z
2026-08-15T00:36:42+00:00,2026-08-14T17:36:42-07:00,LAX-MAD,2027-07-10,alaska,F,none,0,,2026-08-14T16:06:26.74811Z
2026-08-15T00:36:42+00:00,2026-08-14T17:36:42-07:00,LAX-MAD,2027-07-10,qatar,Y,none,4,IB,2026-08-14T02:57:34.788258Z
2026-08-15T00:36:42+00:00,2026-08-14T17:36:42-07:00,LAX-MAD,2027-07-10,qatar,W,none,0,,2026-08-14T02:57:34.788258Z
2026-08-15T00:36:42+00:00,2026-08-14T17:36:42-07:00,LAX-MAD,2027-07-10,qatar,J,none,0,,2026-08-14T02:57:34.788258Z
2026-08-15T00:36:42+00:00,2026-08-14T17:36:42-07:00,LAX-MAD,2027-07-10,qatar,F,none,0,,2026-08-14T02:57:34.788258Z
2026-08-15T00:36:42+00:00,2026-08-14T17:36:42-07:00,LAX-MAD,2027-07-11,qantas,Y,none,0,,2026-08-09T14:43:24.788801Z
2026-08-15T00:36:42+00:00,2026-08-14T17:36:42-07:00,LAX-MAD,2027-07-11,qantas,W,none,0,,2026-08-09T14:43:24.788801Z
2026-08-15T00:36:42+00:00,2026-08-14T17:36:42-07:00,LAX-MAD,2027-07-11,qantas,J,none,0,,2026-08-09T14:43:24.788801Z
2026-08-15T00:36:42+00:00,2026-08-14T17:36:42-07:00,LAX-MAD,2027-07-11,qantas,F,none,0,,2026-08-09T14:43:24.788801Z
2026-08-15T00:36:42+00:00,2026-08-14T17:36:42-07:00,LAX-MAD,2027-07-11,qatar,Y,none,0,,2026-08-14T02:58:12.193426Z
2026-08-15T00:36:42+00:00,2026-08-14T17:36:42-07:00,LAX-MAD,2027-07-11,qatar,W,none,0,,2026-08-14T02:58:12.193426Z
2026-08-15T00:36:42+00:00,2026-08-14T17:36:42-07:00,LAX-MAD,2027-07-11,qatar,J,none,0,,2026-08-14T02:58:12.193426Z
2026-08-15T00:36:42+00:00,2026-08-14T17:36:42-07:00,LAX-MAD,2027-07-11,qatar,F,none,0,,2026-08-14T02:58:12.193426Z
2026-08-15T00:36:42+00:00,2026-08-14T17:36:42-07:00,LAX-MAD,2027-07-11,finnair,Y,none,4,IB,2026-07-23T05:48:42.528176Z
2026-08-15T00:36:42+00:00,2026-08-14T17:36:42-07:00,LAX-MAD,2027-07-11,finnair,W,none,0,,2026-07-23T05:48:42.528176Z
2026-08-15T00:36:42+00:00,2026-08-14T17:36:42-07:00,LAX-MAD,2027-07-11,finnair,J,none,0,,2026-07-23T05:48:42.528176Z
2026-08-15T00:36:42+00:00,2026-08-14T17:36:42-07:00,LAX-MAD,2027-07-11,finnair,F,none,0,,2026-07-23T05:48:42.528176Z
2026-08-15T00:36:42+00:00,2026-08-14T17:36:42-07:00,LAX-MAD,2027-07-12,qantas,Y,none,0,,2026-08-09T14:48:47.745703Z
2026-08-15T00:36:42+00:00,2026-08-14T17:36:42-07:00,LAX-MAD,2027-07-12,qantas,W,none,0,,2026-08-09T14:48:47.745703Z
2026-08-15T00:36:42+00:00,2026-08-14T17:36:42-07:00,LAX-MAD,2027-07-12,qantas,J,none,0,,2026-08-09T14:48:47.745703Z
2026-08-15T00:36:42+00:00,2026-08-14T17:36:42-07:00,LAX-MAD,2027-07-12,qantas,F,none,0,,2026-08-09T14:48:47.745703Z
2026-08-15T00:36:42+00:00,2026-08-14T17:36:42-07:00,LAX-MAD,2027-07-12,finnair,Y,none,4,IB,2026-07-23T05:48:40.305478Z
2026-08-15T00:36:42+00:00,2026-08-14T17:36:42-07:00,LAX-MAD,2027-07-12,finnair,W,none,0,,2026-07-23T05:48:40.305478Z
2026-08-15T00:36:42+00:00,2026-08-14T17:36:42-07:00,LAX-MAD,2027-07-12,finnair,J,none,0,,2026-07-23T05:48:40.305478Z
2026-08-15T00:36:42+00:00,2026-08-14T17:36:42-07:00,LAX-MAD,2027-07-12,finnair,F,none,0,,2026-07-23T05:48:40.305478Z
2026-08-15T00:36:42+00:00,2026-08-14T17:36:42-07:00,LAX-MAD,2027-07-12,qatar,Y,none,4,IB,2026-08-14T01:57:01.070992Z
2026-08-15T00:36:42+00:00,2026-08-14T17:36:42-07:00,LAX-MAD,2027-07-12,qatar,W,none,0,,2026-08-14T01:57:01.070992Z
2026-08-15T00:36:42+00:00,2026-08-14T17:36:42-07:00,LAX-MAD,2027-07-12,qatar,J,none,0,,2026-08-14T01:57:01.070992Z
2026-08-15T00:36:42+00:00,2026-08-14T17:36:42-07:00,LAX-MAD,2027-07-12,qatar,F,none,0,,2026-08-14T01:57:01.070992Z
2026-08-15T00:36:42+00:00,2026-08-14T17:36:42-07:00,LAX-MAD,2027-07-13,qantas,Y,none,0,,2026-08-09T14:47:12.133953Z
2026-08-15T00:36:42+00:00,2026-08-14T17:36:42-07:00,LAX-MAD,2027-07-13,qantas,W,none,0,,2026-08-09T14:47:12.133953Z
2026-08-15T00:36:42+00:00,2026-08-14T17:36:42-07:00,LAX-MAD,2027-07-13,qantas,J,none,0,,2026-08-09T14:47:12.133953Z
2026-08-15T00:36:42+00:00,2026-08-14T17:36:42-07:00,LAX-MAD,2027-07-13,qantas,F,none,0,,2026-08-09T14:47:12.133953Z
2026-08-15T00:36:42+00:00,2026-08-14T17:36:42-07:00,LAX-MAD,2027-07-13,finnair,Y,none,4,IB,2026-07-23T05:48:36.578013Z
2026-08-15T00:36:42+00:00,2026-08-14T17:36:42-07:00,LAX-MAD,2027-07-13,finnair,W,none,0,,2026-07-23T05:48:36.578013Z
2026-08-15T00:36:42+00:00,2026-08-14T17:36:42-07:00,LAX-MAD,2027-07-13,finnair,J,none,0,,2026-07-23T05:48:36.578013Z
2026-08-15T00:36:42+00:00,2026-08-14T17:36:42-07:00,LAX-MAD,2027-07-13,finnair,F,none,0,,2026-07-23T05:48:36.578013Z
2026-08-15T00:36:42+00:00,2026-08-14T17:36:42-07:00,LAX-MAD,2027-07-13,qatar,Y,none,4,IB,2026-08-13T01:02:37.728392Z
2026-08-15T00:36:42+00:00,2026-08-14T17:36:42-07:00,LAX-MAD,2027-07-13,qatar,W,none,0,,2026-08-13T01:02:37.728392Z
2026-08-15T00:36:42+00:00,2026-08-14T17:36:42-07:00,LAX-MAD,2027-07-13,qatar,J,none,0,,2026-08-13T01:02:37.728392Z
2026-08-15T00:36:42+00:00,2026-08-14T17:36:42-07:00,LAX-MAD,2027-07-13,qatar,F,none,0,,2026-08-13T01:02:37.728392Z
2026-08-15T00:36:42+00:00,2026-08-14T17:36:42-07:00,LAX-MAD,2027-07-14,qantas,Y,none,0,,2026-08-09T14:48:16.717949Z
2026-08-15T00:36:42+00:00,2026-08-14T17:36:42-07:00,LAX-MAD,2027-07-14,qantas,W,none,0,,2026-08-09T14:48:16.717949Z
2026-08-15T00:36:42+00:00,2026-08-14T17:36:42-07:00,LAX-MAD,2027-07-14,qantas,J,none,0,,2026-08-09T14:48:16.717949Z
2026-08-15T00:36:42+00:00,2026-08-14T17:36:42-07:00,LAX-MAD,2027-07-14,qantas,F,none,0,,2026-08-09T14:48:16.717949Z
2026-08-15T00:36:42+00:00,2026-08-14T17:36:42-07:00,LAX-MAD,2027-07-14,qatar,Y,none,0,,2026-08-13T04:45:24.623015Z
2026-08-15T00:36:42+00:00,2026-08-14T17:36:42-07:00,LAX-MAD,2027-07-14,qatar,W,none,0,,2026-08-13T04:45:24.623015Z
2026-08-15T00:36:42+00:00,2026-08-14T17:36:42-07:00,LAX-MAD,2027-07-14,qatar,J,none,0,,2026-08-13T04:45:24.623015Z
2026-08-15T00:36:42+00:00,2026-08-14T17:36:42-07:00,LAX-MAD,2027-07-14,qatar,F,none,0,,2026-08-13T04:45:24.623015Z
2026-08-15T00:36:42+00:00,2026-08-14T17:36:42-07:00,LAX-MAD,2027-07-15,qatar,Y,none,4,IB,2026-08-14T05:20:39.84589Z
2026-08-15T00:36:42+00:00,2026-08-14T17:36:42-07:00,LAX-MAD,2027-07-15,qatar,W,none,0,,2026-08-14T05:20:39.84589Z
2026-08-15T00:36:42+00:00,2026-08-14T17:36:42-07:00,LAX-MAD,2027-07-15,qatar,J,none,0,,2026-08-14T05:20:39.84589Z
2026-08-15T00:36:42+00:00,2026-08-14T17:36:42-07:00,LAX-MAD,2027-07-15,qatar,F,none,0,,2026-08-14T05:20:39.84589Z
2026-08-15T00:36:42+00:00,2026-08-14T17:36:42-07:00,LAX-MAD,2027-07-15,qantas,Y,none,0,,2026-08-12T17:50:04.006083Z
2026-08-15T00:36:42+00:00,2026-08-14T17:36:42-07:00,LAX-MAD,2027-07-15,qantas,W,none,0,,2026-08-12T17:50:04.006083Z
2026-08-15T00:36:42+00:00,2026-08-14T17:36:42-07:00,LAX-MAD,2027-07-15,qantas,J,none,0,,2026-08-12T17:50:04.006083Z
2026-08-15T00:36:42+00:00,2026-08-14T17:36:42-07:00,LAX-MAD,2027-07-15,qantas,F,none,0,,2026-08-12T17:50:04.006083Z
2026-08-15T00:36:42+00:00,2026-08-14T17:36:42-07:00,LAX-MAD,2027-07-16,qantas,Y,none,0,,2026-08-13T00:15:53.0906Z
2026-08-15T00:36:42+00:00,2026-08-14T17:36:42-07:00,LAX-MAD,2027-07-16,qantas,W,none,0,,2026-08-13T00:15:53.0906Z
2026-08-15T00:36:42+00:00,2026-08-14T17:36:42-07:00,LAX-MAD,2027-07-16,qantas,J,none,0,,2026-08-13T00:15:53.0906Z
2026-08-15T00:36:42+00:00,2026-08-14T17:36:42-07:00,LAX-MAD,2027-07-16,qantas,F,none,0,,2026-08-13T00:15:53.0906Z
2026-08-15T00:36:42+00:00,2026-08-14T17:36:42-07:00,LAX-MAD,2027-07-16,qatar,Y,none,4,IB,2026-08-14T01:20:53.908098Z
2026-08-15T00:36:42+00:00,2026-08-14T17:36:42-07:00,LAX-MAD,2027-07-16,qatar,W,none,0,,2026-08-14T01:20:53.908098Z
2026-08-15T00:36:42+00:00,2026-08-14T17:36:42-07:00,LAX-MAD,2027-07-16,qatar,J,none,0,,2026-08-14T01:20:53.908098Z
2026-08-15T00:36:42+00:00,2026-08-14T17:36:42-07:00,LAX-MAD,2027-07-16,qatar,F,none,0,,2026-08-14T01:20:53.908098Z
2026-08-15T00:36:42+00:00,2026-08-14T17:36:42-07:00,LAX-MAD,2027-07-17,qantas,Y,none,0,,2026-08-09T14:47:04.478402Z
2026-08-15T00:36:42+00:00,2026-08-14T17:36:42-07:00,LAX-MAD,2027-07-17,qantas,W,none,0,,2026-08-09T14:47:04.478402Z
2026-08-15T00:36:42+00:00,2026-08-14T17:36:42-07:00,LAX-MAD,2027-07-17,qantas,J,none,0,,2026-08-09T14:47:04.478402Z
2026-08-15T00:36:42+00:00,2026-08-14T17:36:42-07:00,LAX-MAD,2027-07-17,qantas,F,none,0,,2026-08-09T14:47:04.478402Z
2026-08-15T00:36:42+00:00,2026-08-14T17:36:42-07:00,LAX-MAD,2027-07-17,qatar,Y,none,4,IB,2026-08-14T02:04:41.502499Z
2026-08-15T00:36:42+00:00,2026-08-14T17:36:42-07:00,LAX-MAD,2027-07-17,qatar,W,none,0,,2026-08-14T02:04:41.502499Z
2026-08-15T00:36:42+00:00,2026-08-14T17:36:42-07:00,LAX-MAD,2027-07-17,qatar,J,none,0,,2026-08-14T02:04:41.502499Z
2026-08-15T00:36:42+00:00,2026-08-14T17:36:42-07:00,LAX-MAD,2027-07-17,qatar,F,none,0,,2026-08-14T02:04:41.502499Z
2026-08-15T00:36:42+00:00,2026-08-14T17:36:42-07:00,LAX-MAD,2027-07-18,qantas,Y,none,0,,2026-08-11T08:38:28.909688Z
2026-08-15T00:36:42+00:00,2026-08-14T17:36:42-07:00,LAX-MAD,2027-07-18,qantas,W,none,0,,2026-08-11T08:38:28.909688Z
2026-08-15T00:36:42+00:00,2026-08-14T17:36:42-07:00,LAX-MAD,2027-07-18,qantas,J,none,0,,2026-08-11T08:38:28.909688Z
2026-08-15T00:36:42+00:00,2026-08-14T17:36:42-07:00,LAX-MAD,2027-07-18,qantas,F,none,0,,2026-08-11T08:38:28.909688Z
2026-08-15T00:36:42+00:00,2026-08-14T17:36:42-07:00,LAX-MAD,2027-07-18,qatar,Y,none,4,IB,2026-08-14T02:38:41.903296Z
2026-08-15T00:36:42+00:00,2026-08-14T17:36:42-07:00,LAX-MAD,2027-07-18,qatar,W,none,0,,2026-08-14T02:38:41.903296Z
2026-08-15T00:36:42+00:00,2026-08-14T17:36:42-07:00,LAX-MAD,2027-07-18,qatar,J,none,0,,2026-08-14T02:38:41.903296Z
2026-08-15T00:36:42+00:00,2026-08-14T17:36:42-07:00,LAX-MAD,2027-07-18,qatar,F,none,0,,2026-08-14T02:38:41.903296Z
2026-08-15T00:36:42+00:00,2026-08-14T17:36:42-07:00,LAX-MAD,2027-07-19,qantas,Y,none,0,,2026-08-09T14:47:49.861468Z
2026-08-15T00:36:42+00:00,2026-08-14T17:36:42-07:00,LAX-MAD,2027-07-19,qantas,W,none,0,,2026-08-09T14:47:49.861468Z
2026-08-15T00:36:42+00:00,2026-08-14T17:36:42-07:00,LAX-MAD,2027-07-19,qantas,J,none,0,,2026-08-09T14:47:49.861468Z
2026-08-15T00:36:42+00:00,2026-08-14T17:36:42-07:00,LAX-MAD,2027-07-19,qantas,F,none,0,,2026-08-09T14:47:49.861468Z
2026-08-15T00:36:42+00:00,2026-08-14T17:36:42-07:00,LAX-MAD,2027-07-19,qatar,Y,none,4,IB,2026-08-14T23:35:12.2557Z
2026-08-15T00:36:42+00:00,2026-08-14T17:36:42-07:00,LAX-MAD,2027-07-19,qatar,W,none,0,,2026-08-14T23:35:12.2557Z
2026-08-15T00:36:42+00:00,2026-08-14T17:36:42-07:00,LAX-MAD,2027-07-19,qatar,J,none,0,,2026-08-14T23:35:12.2557Z
2026-08-15T00:36:42+00:00,2026-08-14T17:36:42-07:00,LAX-MAD,2027-07-19,qatar,F,none,0,,2026-08-14T23:35:12.2557Z
2026-08-15T00:36:42+00:00,2026-08-14T17:36:42-07:00,LAX-MAD,2027-07-20,qantas,Y,none,0,,2026-08-09T14:47:20.756604Z
2026-08-15T00:36:42+00:00,2026-08-14T17:36:42-07:00,LAX-MAD,2027-07-20,qantas,W,none,0,,2026-08-09T14:47:20.756604Z
2026-08-15T00:36:42+00:00,2026-08-14T17:36:42-07:00,LAX-MAD,2027-07-20,qantas,J,none,0,,2026-08-09T14:47:20.756604Z
2026-08-15T00:36:42+00:00,2026-08-14T17:36:42-07:00,LAX-MAD,2027-07-20,qantas,F,none,0,,2026-08-09T14:47:20.756604Z
2026-08-15T00:36:42+00:00,2026-08-14T17:36:42-07:00,LAX-MAD,2027-07-20,qatar,Y,none,4,IB,2026-08-14T02:39:17.892029Z
2026-08-15T00:36:42+00:00,2026-08-14T17:36:42-07:00,LAX-MAD,2027-07-20,qatar,W,none,0,,2026-08-14T02:39:17.892029Z
2026-08-15T00:36:42+00:00,2026-08-14T17:36:42-07:00,LAX-MAD,2027-07-20,qatar,J,none,0,,2026-08-14T02:39:17.892029Z
2026-08-15T00:36:42+00:00,2026-08-14T17:36:42-07:00,LAX-MAD,2027-07-20,qatar,F,none,0,,2026-08-14T02:39:17.892029Z
2026-08-15T00:36:42+00:00,2026-08-14T17:36:42-07:00,LAX-MAD,2027-07-21,qatar,Y,none,4,IB,2026-08-14T17:08:17.214575Z
2026-08-15T00:36:42+00:00,2026-08-14T17:36:42-07:00,LAX-MAD,2027-07-21,qatar,W,none,0,,2026-08-14T17:08:17.214575Z
2026-08-15T00:36:42+00:00,2026-08-14T17:36:42-07:00,LAX-MAD,2027-07-21,qatar,J,none,0,,2026-08-14T17:08:17.214575Z
2026-08-15T00:36:42+00:00,2026-08-14T17:36:42-07:00,LAX-MAD,2027-07-21,qatar,F,none,0,,2026-08-14T17:08:17.214575Z
2026-08-15T00:36:42+00:00,2026-08-14T17:36:42-07:00,LAX-MAD,2027-07-21,qantas,Y,none,0,,2026-08-09T14:44:31.70177Z
2026-08-15T00:36:42+00:00,2026-08-14T17:36:42-07:00,LAX-MAD,2027-07-21,qantas,W,none,0,,2026-08-09T14:44:31.70177Z
2026-08-15T00:36:42+00:00,2026-08-14T17:36:42-07:00,LAX-MAD,2027-07-21,qantas,J,none,0,,2026-08-09T14:44:31.70177Z
2026-08-15T00:36:42+00:00,2026-08-14T17:36:42-07:00,LAX-MAD,2027-07-21,qantas,F,none,0,,2026-08-09T14:44:31.70177Z
2026-08-15T00:36:42+00:00,2026-08-14T17:36:42-07:00,LAX-MAD,2027-07-22,qantas,Y,none,0,,2026-08-09T14:44:23.673189Z
2026-08-15T00:36:42+00:00,2026-08-14T17:36:42-07:00,LAX-MAD,2027-07-22,qantas,W,none,0,,2026-08-09T14:44:23.673189Z
2026-08-15T00:36:42+00:00,2026-08-14T17:36:42-07:00,LAX-MAD,2027-07-22,qantas,J,none,0,,2026-08-09T14:44:23.673189Z
2026-08-15T00:36:42+00:00,2026-08-14T17:36:42-07:00,LAX-MAD,2027-07-22,qantas,F,none,0,,2026-08-09T14:44:23.673189Z
2026-08-15T00:36:42+00:00,2026-08-14T17:36:42-07:00,LAX-MAD,2027-07-22,qatar,Y,none,4,IB,2026-08-14T22:21:27.420683Z
2026-08-15T00:36:42+00:00,2026-08-14T17:36:42-07:00,LAX-MAD,2027-07-22,qatar,W,none,0,,2026-08-14T22:21:27.420683Z
2026-08-15T00:36:42+00:00,2026-08-14T17:36:42-07:00,LAX-MAD,2027-07-22,qatar,J,none,0,,2026-08-14T22:21:27.420683Z
2026-08-15T00:36:42+00:00,2026-08-14T17:36:42-07:00,LAX-MAD,2027-07-22,qatar,F,none,0,,2026-08-14T22:21:27.420683Z
2026-08-15T00:36:42+00:00,2026-08-14T17:36:42-07:00,LAX-MAD,2027-07-23,qantas,Y,none,0,,2026-08-13T12:03:04.216817Z
2026-08-15T00:36:42+00:00,2026-08-14T17:36:42-07:00,LAX-MAD,2027-07-23,qantas,W,none,0,,2026-08-13T12:03:04.216817Z
2026-08-15T00:36:42+00:00,2026-08-14T17:36:42-07:00,LAX-MAD,2027-07-23,qantas,J,none,0,,2026-08-13T12:03:04.216817Z
2026-08-15T00:36:42+00:00,2026-08-14T17:36:42-07:00,LAX-MAD,2027-07-23,qantas,F,none,0,,2026-08-13T12:03:04.216817Z
2026-08-15T00:36:42+00:00,2026-08-14T17:36:42-07:00,LAX-MAD,2027-07-23,qatar,Y,none,4,IB,2026-08-14T17:08:22.023824Z
2026-08-15T00:36:42+00:00,2026-08-14T17:36:42-07:00,LAX-MAD,2027-07-23,qatar,W,none,0,,2026-08-14T17:08:22.023824Z
2026-08-15T00:36:42+00:00,2026-08-14T17:36:42-07:00,LAX-MAD,2027-07-23,qatar,J,none,0,,2026-08-14T17:08:22.023824Z
2026-08-15T00:36:42+00:00,2026-08-14T17:36:42-07:00,LAX-MAD,2027-07-23,qatar,F,none,0,,2026-08-14T17:08:22.023824Z
2026-08-15T00:36:42+00:00,2026-08-14T17:36:42-07:00,LAX-MAD,2027-07-24,qantas,Y,none,0,,2026-08-09T14:44:14.402716Z
2026-08-15T00:36:42+00:00,2026-08-14T17:36:42-07:00,LAX-MAD,2027-07-24,qantas,W,none,0,,2026-08-09T14:44:14.402716Z
2026-08-15T00:36:42+00:00,2026-08-14T17:36:42-07:00,LAX-MAD,2027-07-24,qantas,J,none,0,,2026-08-09T14:44:14.402716Z
2026-08-15T00:36:42+00:00,2026-08-14T17:36:42-07:00,LAX-MAD,2027-07-24,qantas,F,none,0,,2026-08-09T14:44:14.402716Z
2026-08-15T00:36:42+00:00,2026-08-14T17:36:42-07:00,LAX-MAD,2027-07-24,qatar,Y,none,0,,2026-08-14T17:08:18.216069Z
2026-08-15T00:36:42+00:00,2026-08-14T17:36:42-07:00,LAX-MAD,2027-07-24,qatar,W,none,0,,2026-08-14T17:08:18.216069Z
2026-08-15T00:36:42+00:00,2026-08-14T17:36:42-07:00,LAX-MAD,2027-07-24,qatar,J,none,0,,2026-08-14T17:08:18.216069Z
2026-08-15T00:36:42+00:00,2026-08-14T17:36:42-07:00,LAX-MAD,2027-07-24,qatar,F,none,0,,2026-08-14T17:08:18.216069Z
2026-08-15T00:36:42+00:00,2026-08-14T17:36:42-07:00,LAX-MAD,2027-07-25,qantas,Y,none,0,,2026-08-09T14:44:27.988731Z
2026-08-15T00:36:42+00:00,2026-08-14T17:36:42-07:00,LAX-MAD,2027-07-25,qantas,W,none,0,,2026-08-09T14:44:27.988731Z
2026-08-15T00:36:42+00:00,2026-08-14T17:36:42-07:00,LAX-MAD,2027-07-25,qantas,J,none,0,,2026-08-09T14:44:27.988731Z
2026-08-15T00:36:42+00:00,2026-08-14T17:36:42-07:00,LAX-MAD,2027-07-25,qantas,F,none,0,,2026-08-09T14:44:27.988731Z
2026-08-15T00:36:42+00:00,2026-08-14T17:36:42-07:00,LAX-MAD,2027-07-25,qatar,Y,none,0,,2026-08-14T17:08:17.712119Z
2026-08-15T00:36:42+00:00,2026-08-14T17:36:42-07:00,LAX-MAD,2027-07-25,qatar,W,none,0,,2026-08-14T17:08:17.712119Z
2026-08-15T00:36:42+00:00,2026-08-14T17:36:42-07:00,LAX-MAD,2027-07-25,qatar,J,none,0,,2026-08-14T17:08:17.712119Z
2026-08-15T00:36:42+00:00,2026-08-14T17:36:42-07:00,LAX-MAD,2027-07-25,qatar,F,none,0,,2026-08-14T17:08:17.712119Z
2026-08-15T00:36:42+00:00,2026-08-14T17:36:42-07:00,LAX-MAD,2027-07-26,qantas,Y,none,0,,2026-08-09T14:48:35.32278Z
2026-08-15T00:36:42+00:00,2026-08-14T17:36:42-07:00,LAX-MAD,2027-07-26,qantas,W,none,0,,2026-08-09T14:48:35.32278Z
2026-08-15T00:36:42+00:00,2026-08-14T17:36:42-07:00,LAX-MAD,2027-07-26,qantas,J,none,0,,2026-08-09T14:48:35.32278Z
2026-08-15T00:36:42+00:00,2026-08-14T17:36:42-07:00,LAX-MAD,2027-07-26,qantas,F,none,0,,2026-08-09T14:48:35.32278Z
2026-08-15T00:36:42+00:00,2026-08-14T17:36:42-07:00,LAX-MAD,2027-07-26,qatar,Y,none,4,IB,2026-08-14T17:08:18.638Z
2026-08-15T00:36:42+00:00,2026-08-14T17:36:42-07:00,LAX-MAD,2027-07-26,qatar,W,none,0,,2026-08-14T17:08:18.638Z
2026-08-15T00:36:42+00:00,2026-08-14T17:36:42-07:00,LAX-MAD,2027-07-26,qatar,J,none,0,,2026-08-14T17:08:18.638Z
2026-08-15T00:36:42+00:00,2026-08-14T17:36:42-07:00,LAX-MAD,2027-07-26,qatar,F,none,0,,2026-08-14T17:08:18.638Z
2026-08-15T00:36:42+00:00,2026-08-14T17:36:42-07:00,LAX-MAD,2027-07-27,qantas,Y,none,0,,2026-08-13T01:06:51.854119Z
2026-08-15T00:36:42+00:00,2026-08-14T17:36:42-07:00,LAX-MAD,2027-07-27,qantas,W,none,0,,2026-08-13T01:06:51.854119Z
2026-08-15T00:36:42+00:00,2026-08-14T17:36:42-07:00,LAX-MAD,2027-07-27,qantas,J,none,0,,2026-08-13T01:06:51.854119Z
2026-08-15T00:36:42+00:00,2026-08-14T17:36:42-07:00,LAX-MAD,2027-07-27,qantas,F,none,0,,2026-08-13T01:06:51.854119Z
2026-08-15T00:36:42+00:00,2026-08-14T17:36:42-07:00,LAX-MAD,2027-07-27,qatar,Y,none,4,IB,2026-08-14T23:50:29.935404Z
2026-08-15T00:36:42+00:00,2026-08-14T17:36:42-07:00,LAX-MAD,2027-07-27,qatar,W,none,0,,2026-08-14T23:50:29.935404Z
2026-08-15T00:36:42+00:00,2026-08-14T17:36:42-07:00,LAX-MAD,2027-07-27,qatar,J,none,0,,2026-08-14T23:50:29.935404Z
2026-08-15T00:36:42+00:00,2026-08-14T17:36:42-07:00,LAX-MAD,2027-07-27,qatar,F,none,0,,2026-08-14T23:50:29.935404Z
2026-08-15T00:36:42+00:00,2026-08-14T17:36:42-07:00,LAX-MAD,2027-07-28,qantas,Y,none,0,,2026-08-11T11:39:16.40226Z
2026-08-15T00:36:42+00:00,2026-08-14T17:36:42-07:00,LAX-MAD,2027-07-28,qantas,W,none,0,,2026-08-11T11:39:16.40226Z
2026-08-15T00:36:42+00:00,2026-08-14T17:36:42-07:00,LAX-MAD,2027-07-28,qantas,J,none,0,,2026-08-11T11:39:16.40226Z
2026-08-15T00:36:42+00:00,2026-08-14T17:36:42-07:00,LAX-MAD,2027-07-28,qantas,F,none,0,,2026-08-11T11:39:16.40226Z
2026-08-15T00:36:42+00:00,2026-08-14T17:36:42-07:00,LAX-MAD,2027-07-28,qatar,Y,none,4,IB,2026-08-14T23:50:29.456778Z
2026-08-15T00:36:42+00:00,2026-08-14T17:36:42-07:00,LAX-MAD,2027-07-28,qatar,W,none,0,,2026-08-14T23:50:29.456778Z
2026-08-15T00:36:42+00:00,2026-08-14T17:36:42-07:00,LAX-MAD,2027-07-28,qatar,J,none,0,,2026-08-14T23:50:29.456778Z
2026-08-15T00:36:42+00:00,2026-08-14T17:36:42-07:00,LAX-MAD,2027-07-28,qatar,F,none,0,,2026-08-14T23:50:29.456778Z
2026-08-15T00:36:42+00:00,2026-08-14T17:36:42-07:00,LAX-MAD,2027-07-29,qantas,Y,none,0,,2026-08-10T06:40:04.185424Z
2026-08-15T00:36:42+00:00,2026-08-14T17:36:42-07:00,LAX-MAD,2027-07-29,qantas,W,none,0,,2026-08-10T06:40:04.185424Z
2026-08-15T00:36:42+00:00,2026-08-14T17:36:42-07:00,LAX-MAD,2027-07-29,qantas,J,none,0,,2026-08-10T06:40:04.185424Z
2026-08-15T00:36:42+00:00,2026-08-14T17:36:42-07:00,LAX-MAD,2027-07-29,qantas,F,none,0,,2026-08-10T06:40:04.185424Z
2026-08-15T00:36:42+00:00,2026-08-14T17:36:42-07:00,LAX-MAD,2027-07-29,qatar,Y,none,4,IB,2026-08-14T23:35:30.324784Z
2026-08-15T00:36:42+00:00,2026-08-14T17:36:42-07:00,LAX-MAD,2027-07-29,qatar,W,none,0,,2026-08-14T23:35:30.324784Z
2026-08-15T00:36:42+00:00,2026-08-14T17:36:42-07:00,LAX-MAD,2027-07-29,qatar,J,none,0,,2026-08-14T23:35:30.324784Z
2026-08-15T00:36:42+00:00,2026-08-14T17:36:42-07:00,LAX-MAD,2027-07-29,qatar,F,none,0,,2026-08-14T23:35:30.324784Z
2026-08-15T00:36:42+00:00,2026-08-14T17:36:42-07:00,LAX-MAD,2027-07-30,qantas,Y,none,0,,2026-08-10T02:25:25.737385Z
2026-08-15T00:36:42+00:00,2026-08-14T17:36:42-07:00,LAX-MAD,2027-07-30,qantas,W,none,0,,2026-08-10T02:25:25.737385Z
2026-08-15T00:36:42+00:00,2026-08-14T17:36:42-07:00,LAX-MAD,2027-07-30,qantas,J,none,0,,2026-08-10T02:25:25.737385Z
2026-08-15T00:36:42+00:00,2026-08-14T17:36:42-07:00,LAX-MAD,2027-07-30,qantas,F,none,0,,2026-08-10T02:25:25.737385Z
2026-08-15T00:36:42+00:00,2026-08-14T17:36:42-07:00,LAX-MAD,2027-07-30,qatar,Y,none,0,,2026-08-14T23:35:25.007034Z
2026-08-15T00:36:42+00:00,2026-08-14T17:36:42-07:00,LAX-MAD,2027-07-30,qatar,W,none,0,,2026-08-14T23:35:25.007034Z
2026-08-15T00:36:42+00:00,2026-08-14T17:36:42-07:00,LAX-MAD,2027-07-30,qatar,J,none,0,,2026-08-14T23:35:25.007034Z
2026-08-15T00:36:42+00:00,2026-08-14T17:36:42-07:00,LAX-MAD,2027-07-30,qatar,F,none,0,,2026-08-14T23:35:25.007034Z
2026-08-15T00:36:42+00:00,2026-08-14T17:36:42-07:00,LAX-MAD,2027-07-31,qatar,Y,none,4,IB,2026-08-14T22:21:29.044592Z
2026-08-15T00:36:42+00:00,2026-08-14T17:36:42-07:00,LAX-MAD,2027-07-31,qatar,W,none,0,,2026-08-14T22:21:29.044592Z
2026-08-15T00:36:42+00:00,2026-08-14T17:36:42-07:00,LAX-MAD,2027-07-31,qatar,J,none,0,,2026-08-14T22:21:29.044592Z
2026-08-15T00:36:42+00:00,2026-08-14T17:36:42-07:00,LAX-MAD,2027-07-31,qatar,F,none,0,,2026-08-14T22:21:29.044592Z
2026-08-15T00:36:42+00:00,2026-08-14T17:36:42-07:00,LAX-MAD,2027-08-01,qatar,Y,none,0,,2026-08-14T23:35:20.14281Z
2026-08-15T00:36:42+00:00,2026-08-14T17:36:42-07:00,LAX-MAD,2027-08-01,qatar,W,none,0,,2026-08-14T23:35:20.14281Z
2026-08-15T00:36:42+00:00,2026-08-14T17:36:42-07:00,LAX-MAD,2027-08-01,qatar,J,none,0,,2026-08-14T23:35:20.14281Z
2026-08-15T00:36:42+00:00,2026-08-14T17:36:42-07:00,LAX-MAD,2027-08-01,qatar,F,none,0,,2026-08-14T23:35:20.14281Z
2026-08-15T00:36:42+00:00,2026-08-14T17:36:42-07:00,LAX-MAD,2027-08-02,qatar,Y,none,4,IB,2026-08-14T23:35:22.569057Z
2026-08-15T00:36:42+00:00,2026-08-14T17:36:42-07:00,LAX-MAD,2027-08-02,qatar,W,none,0,,2026-08-14T23:35:22.569057Z
2026-08-15T00:36:42+00:00,2026-08-14T17:36:42-07:00,LAX-MAD,2027-08-02,qatar,J,none,1,IB,2026-08-14T23:35:22.569057Z
2026-08-15T00:36:42+00:00,2026-08-14T17:36:42-07:00,LAX-MAD,2027-08-02,qatar,F,none,0,,2026-08-14T23:35:22.569057Z
2026-08-15T00:36:42+00:00,2026-08-14T17:36:42-07:00,LAX-MAD,2027-08-03,qantas,Y,none,0,,2026-08-09T14:48:47.084387Z
2026-08-15T00:36:42+00:00,2026-08-14T17:36:42-07:00,LAX-MAD,2027-08-03,qantas,W,none,0,,2026-08-09T14:48:47.084387Z
2026-08-15T00:36:42+00:00,2026-08-14T17:36:42-07:00,LAX-MAD,2027-08-03,qantas,J,none,0,,2026-08-09T14:48:47.084387Z
2026-08-15T00:36:42+00:00,2026-08-14T17:36:42-07:00,LAX-MAD,2027-08-03,qantas,F,none,0,,2026-08-09T14:48:47.084387Z
2026-08-15T00:36:42+00:00,2026-08-14T17:36:42-07:00,LAX-MAD,2027-08-03,qatar,Y,none,4,IB,2026-08-14T22:21:31.321623Z
2026-08-15T00:36:42+00:00,2026-08-14T17:36:42-07:00,LAX-MAD,2027-08-03,qatar,W,none,0,,2026-08-14T22:21:31.321623Z
2026-08-15T00:36:42+00:00,2026-08-14T17:36:42-07:00,LAX-MAD,2027-08-03,qatar,J,none,0,,2026-08-14T22:21:31.321623Z
2026-08-15T00:36:42+00:00,2026-08-14T17:36:42-07:00,LAX-MAD,2027-08-03,qatar,F,none,0,,2026-08-14T22:21:31.321623Z
2026-08-15T00:36:42+00:00,2026-08-14T17:36:42-07:00,LAX-MAD,2027-08-04,qatar,Y,none,4,IB,2026-08-14T17:45:12.844024Z
2026-08-15T00:36:42+00:00,2026-08-14T17:36:42-07:00,LAX-MAD,2027-08-04,qatar,W,none,0,,2026-08-14T17:45:12.844024Z
2026-08-15T00:36:42+00:00,2026-08-14T17:36:42-07:00,LAX-MAD,2027-08-04,qatar,J,none,0,,2026-08-14T17:45:12.844024Z
2026-08-15T00:36:42+00:00,2026-08-14T17:36:42-07:00,LAX-MAD,2027-08-04,qatar,F,none,0,,2026-08-14T17:45:12.844024Z
2026-08-15T00:36:42+00:00,2026-08-14T17:36:42-07:00,LAX-MAD,2027-08-05,qatar,Y,none,4,IB,2026-08-15T00:02:33.273036Z
2026-08-15T00:36:42+00:00,2026-08-14T17:36:42-07:00,LAX-MAD,2027-08-05,qatar,W,none,0,,2026-08-15T00:02:33.273036Z
2026-08-15T00:36:42+00:00,2026-08-14T17:36:42-07:00,LAX-MAD,2027-08-05,qatar,J,none,0,,2026-08-15T00:02:33.273036Z
2026-08-15T00:36:42+00:00,2026-08-14T17:36:42-07:00,LAX-MAD,2027-08-05,qatar,F,none,0,,2026-08-15T00:02:33.273036Z
2026-08-15T00:36:42+00:00,2026-08-14T17:36:42-07:00,LAX-MAD,2027-08-06,qatar,Y,none,0,,2026-08-15T00:19:48.631031Z
2026-08-15T00:36:42+00:00,2026-08-14T17:36:42-07:00,LAX-MAD,2027-08-06,qatar,W,none,0,,2026-08-15T00:19:48.631031Z
2026-08-15T00:36:42+00:00,2026-08-14T17:36:42-07:00,LAX-MAD,2027-08-06,qatar,J,none,0,,2026-08-15T00:19:48.631031Z
2026-08-15T00:36:42+00:00,2026-08-14T17:36:42-07:00,LAX-MAD,2027-08-06,qatar,F,none,0,,2026-08-15T00:19:48.631031Z
2026-08-15T00:36:42+00:00,2026-08-14T17:36:42-07:00,LAX-MAD,2027-08-07,qatar,Y,none,4,IB,2026-08-15T00:02:32.878779Z
2026-08-15T00:36:42+00:00,2026-08-14T17:36:42-07:00,LAX-MAD,2027-08-07,qatar,W,none,0,,2026-08-15T00:02:32.878779Z
2026-08-15T00:36:42+00:00,2026-08-14T17:36:42-07:00,LAX-MAD,2027-08-07,qatar,J,none,0,,2026-08-15T00:02:32.878779Z
2026-08-15T00:36:42+00:00,2026-08-14T17:36:42-07:00,LAX-MAD,2027-08-07,qatar,F,none,0,,2026-08-15T00:02:32.878779Z
2026-08-15T00:36:42+00:00,2026-08-14T17:36:42-07:00,LAX-MAD,2027-08-08,qatar,Y,none,0,,2026-08-15T00:19:47.680016Z
2026-08-15T00:36:42+00:00,2026-08-14T17:36:42-07:00,LAX-MAD,2027-08-08,qatar,W,none,0,,2026-08-15T00:19:47.680016Z
2026-08-15T00:36:42+00:00,2026-08-14T17:36:42-07:00,LAX-MAD,2027-08-08,qatar,J,none,0,,2026-08-15T00:19:47.680016Z
2026-08-15T00:36:42+00:00,2026-08-14T17:36:42-07:00,LAX-MAD,2027-08-08,qatar,F,none,0,,2026-08-15T00:19:47.680016Z
2026-08-15T00:36:42+00:00,2026-08-14T17:36:42-07:00,LAX-MAD,2027-08-09,qatar,Y,none,0,,2026-08-15T00:19:46.233098Z
2026-08-15T00:36:42+00:00,2026-08-14T17:36:42-07:00,LAX-MAD,2027-08-09,qatar,W,none,0,,2026-08-15T00:19:46.233098Z
2026-08-15T00:36:42+00:00,2026-08-14T17:36:42-07:00,LAX-MAD,2027-08-09,qatar,J,none,0,,2026-08-15T00:19:46.233098Z
2026-08-15T00:36:42+00:00,2026-08-14T17:36:42-07:00,LAX-MAD,2027-08-09,qatar,F,none,0,,2026-08-15T00:19:46.233098Z
2026-08-15T07:21:19+00:00,2026-08-15T00:21:19-07:00,LAX-HEL,2027-07-05,qantas,W,1,gone,,
2026-08-15T07:21:19+00:00,2026-08-15T00:21:19-07:00,LAX-MAD,2027-07-05,qatar,Y,2,gone,,
2026-08-15T07:21:19+00:00,2026-08-15T00:21:19-07:00,LAX-MAD,2027-07-05,alaska,Y,2,gone,,
2026-08-15T13:56:07+00:00,2026-08-15T06:56:07-07:00,LAX-MAD,2027-07-11,alaska,Y,none,0,,2026-08-15T13:53:25.01774Z
2026-08-15T13:56:07+00:00,2026-08-15T06:56:07-07:00,LAX-MAD,2027-07-11,alaska,W,none,0,,2026-08-15T13:53:25.01774Z
2026-08-15T13:56:07+00:00,2026-08-15T06:56:07-07:00,LAX-MAD,2027-07-11,alaska,J,none,0,,2026-08-15T13:53:25.01774Z
2026-08-15T13:56:07+00:00,2026-08-15T06:56:07-07:00,LAX-MAD,2027-07-11,alaska,F,none,0,,2026-08-15T13:53:25.01774Z
2026-08-15T13:56:07+00:00,2026-08-15T06:56:07-07:00,LAX-MAD,2027-07-12,alaska,Y,none,4,IB,2026-08-15T13:53:24.259433Z
2026-08-15T13:56:07+00:00,2026-08-15T06:56:07-07:00,LAX-MAD,2027-07-12,alaska,W,none,0,,2026-08-15T13:53:24.259433Z
2026-08-15T13:56:07+00:00,2026-08-15T06:56:07-07:00,LAX-MAD,2027-07-12,alaska,J,none,0,,2026-08-15T13:53:24.259433Z
2026-08-15T13:56:07+00:00,2026-08-15T06:56:07-07:00,LAX-MAD,2027-07-12,alaska,F,none,0,,2026-08-15T13:53:24.259433Z
